id,building_id,user_id,building_type,status,date_of_instal,date_of_inspect,inspect_certificate,information,notes
1,1,2,Hybrid,Online,2017-01-02 04:07:18,2016-09-22 23:46:14,5445618,"Cras mi pede, malesuada in, imperdiet et, commodo vulputate, justo. In blandit ultrices enim. Lorem ipsum dolor sit amet, consectetuer adipiscing elit.",Duis bibendum. Morbi non quam nec dui luctus rutrum. Nulla tellus.
2,2,3,Corporate,Online,2016-05-03 15:09:59,2017-08-26 05:51:31,9830164,"Vestibulum quam sapien, varius ut, blandit non, interdum in, ante. Vestibulum ante ipsum primis in faucibus orci luctus et ultrices posuere cubilia Curae; Duis faucibus accumsan odio. Curabitur convallis.","Morbi non lectus. Aliquam sit amet diam in magna bibendum imperdiet. Nullam orci pede, venenatis non, sodales sed, tincidunt eu, felis."
3,3,4,Hybrid,Online,2016-12-25 09:47:28,2016-08-23 00:01:40,9881083,"Morbi porttitor lorem id ligula. Suspendisse ornare consequat lectus. In est risus, auctor sed, tristique in, tempus sit amet, sem.","Nam ultrices, libero non mattis pulvinar, nulla pede ullamcorper augue, a suscipit nulla elit ac nulla. Sed vel enim sit amet nunc viverra dapibus. Nulla suscipit ligula in lacus."
4,4,5,Corporate,Offline,2018-05-09 14:31:13,2017-01-12 17:43:13,5357920,Phasellus in felis. Donec semper sapien a libero. Nam dui.,"Donec diam neque, vestibulum eget, vulputate ut, ultrices vel, augue. Vestibulum ante ipsum primis in faucibus orci luctus et ultrices posuere cubilia Curae; Donec pharetra, magna vestibulum aliquet ultrices, erat tortor sollicitudin mi, sit amet lobortis sapien sapien non mi. Integer ac neque."
5,5,6,Corporate,Online,2019-01-25 18:05:33,2018-10-07 21:28:26,7194446,"Maecenas tristique, est et tempus semper, est quam pharetra magna, ac consequat metus sapien ut nunc. Vestibulum ante ipsum primis in faucibus orci luctus et ultrices posuere cubilia Curae; Mauris viverra diam vitae quam. Suspendisse potenti.",Aenean lectus. Pellentesque eget nunc. Donec quis orci eget orci vehicula condimentum.
6,6,7,Residential,Online,2017-11-15 06:16:18,2017-08-19 16:19:13,5336119,"Curabitur gravida nisi at nibh. In hac habitasse platea dictumst. Aliquam augue quam, sollicitudin vitae, consectetuer eget, rutrum at, lorem.",Fusce consequat. Nulla nisl. Nunc nisl.
7,7,8,Corporate,Online,2018-06-01 21:12:15,2016-08-15 17:07:24,7914787,"Curabitur in libero ut massa volutpat convallis. Morbi odio odio, elementum eu, interdum eu, tincidunt in, leo. Maecenas pulvinar lobortis est.","Quisque id justo sit amet sapien dignissim vestibulum. Vestibulum ante ipsum primis in faucibus orci luctus et ultrices posuere cubilia Curae; Nulla dapibus dolor vel est. Donec odio justo, sollicitudin ut, suscipit a, feugiat et, eros."
8,8,2,Residential,Online,2018-01-18 10:53:10,2017-02-23 15:01:49,8363722,"In hac habitasse platea dictumst. Morbi vestibulum, velit id pretium iaculis, diam erat fermentum justo, nec condimentum neque sapien placerat ante. Nulla justo.","Donec diam neque, vestibulum eget, vulputate ut, ultrices vel, augue. Vestibulum ante ipsum primis in faucibus orci luctus et ultrices posuere cubilia Curae; Donec pharetra, magna vestibulum aliquet ultrices, erat tortor sollicitudin mi, sit amet lobortis sapien sapien non mi. Integer ac neque."
9,9,3,Corporate,Online,2017-05-21 05:30:27,2016-09-16 00:17:00,9830974,Duis consequat dui nec nisi volutpat eleifend. Donec ut dolor. Morbi vel lectus in quam fringilla rhoncus.,In hac habitasse platea dictumst. Etiam faucibus cursus urna. Ut tellus.
10,10,4,Corporate,Offline,2016-03-18 01:17:09,2017-06-06 18:48:02,2917873,Duis consequat dui nec nisi volutpat eleifend. Donec ut dolor. Morbi vel lectus in quam fringilla rhoncus.,"Sed sagittis. Nam congue, risus semper porta volutpat, quam pede lobortis ligula, sit amet eleifend pede libero quis orci. Nullam molestie nibh in lectus."
11,11,5,Hybrid,Online,2017-02-18 07:28:33,2017-04-09 20:05:10,7875102,"Duis bibendum, felis sed interdum venenatis, turpis enim blandit mi, in porttitor pede justo eu massa. Donec dapibus. Duis at velit eu est congue elementum.","Vestibulum quam sapien, varius ut, blandit non, interdum in, ante. Vestibulum ante ipsum primis in faucibus orci luctus et ultrices posuere cubilia Curae; Duis faucibus accumsan odio. Curabitur convallis."
12,12,6,Hybrid,Offline,2018-10-02 03:42:49,2016-10-25 23:58:48,6190457,,
13,13,7,Corporate,Offline,2016-05-15 22:45:22,2017-08-30 03:38:18,6726093,"Curabitur at ipsum ac tellus semper interdum. Mauris ullamcorper purus sit amet nulla. Quisque arcu libero, rutrum ac, lobortis vel, dapibus at, diam.","Praesent blandit. Nam nulla. Integer pede justo, lacinia eget, tincidunt eget, tempus vel, pede."
14,14,8,Residential,Online,2017-05-18 22:59:20,2016-09-05 18:44:05,1872082,"Maecenas leo odio, condimentum id, luctus nec, molestie sed, justo. Pellentesque viverra pede ac diam. Cras pellentesque volutpat dui.",Phasellus sit amet erat. Nulla tempus. Vivamus in felis eu sapien cursus vestibulum.
15,15,2,Hybrid,Offline,2018-08-22 05:05:17,2018-10-25 02:43:52,3400398,,
16,16,3,Residential,Offline,2017-03-15 21:05:59,2018-06-18 05:42:45,7940358,,
17,17,4,Corporate,Online,2018-12-01 21:27:37,2016-03-30 06:39:12,3455381,,
18,18,5,Hybrid,Offline,2017-07-12 23:56:52,2019-01-23 11:15:31,4772230,,
19,19,6,Corporate,Offline,2016-12-30 21:28:56,2016-09-23 20:08:06,1859247,,
20,20,7,Corporate,Online,2017-08-17 13:39:13,2018-08-16 14:31:43,214645,,
21,21,8,Corporate,Offline,2016-05-28 19:12:14,2017-12-08 11:58:40,9162884,,
22,22,2,Residential,Offline,2017-10-13 07:23:44,2017-11-14 15:24:22,385935,,
23,23,3,Residential,Offline,2017-06-08 15:34:18,2016-11-21 20:59:05,298398,,
24,24,4,Residential,Offline,2016-12-06 13:50:21,2017-01-07 12:54:13,8719735,,
25,25,5,Corporate,Offline,2018-03-28 03:08:40,2018-07-14 03:35:00,3714527,,
26,26,6,Corporate,Online,2018-11-23 20:06:26,2016-05-29 09:57:17,8360659,Nullam porttitor lacus at turpis. Donec posuere metus vitae ipsum. Aliquam non mauris.,"Proin eu mi. Nulla ac enim. In tempor, turpis nec euismod scelerisque, quam turpis adipiscing lorem, vitae mattis nibh ligula nec sem."
27,27,7,Hybrid,Offline,2018-11-26 07:53:03,2017-11-02 17:53:06,9893705,,
28,28,8,Hybrid,Online,2016-07-09 11:05:05,2018-10-12 00:31:38,6656812,"In sagittis dui vel nisl. Duis ac nibh. Fusce lacus purus, aliquet at, feugiat non, pretium quis, lectus.",In quis justo. Maecenas rhoncus aliquam lacus. Morbi quis tortor id nulla ultrices aliquet.
29,29,2,Corporate,Online,2016-06-02 10:09:11,2018-10-09 21:46:33,9243886,,
30,30,3,Corporate,Offline,2016-05-30 03:58:15,2018-11-28 20:47:12,7141527,,
31,31,4,Corporate,Offline,2016-11-06 11:57:42,2017-05-29 05:27:21,7950603,,
32,32,5,Corporate,Offline,2017-10-16 22:38:23,2016-08-23 02:29:54,8006747,"Vestibulum quam sapien, varius ut, blandit non, interdum in, ante. Vestibulum ante ipsum primis in faucibus orci luctus et ultrices posuere cubilia Curae; Duis faucibus accumsan odio. Curabitur convallis.","Curabitur gravida nisi at nibh. In hac habitasse platea dictumst. Aliquam augue quam, sollicitudin vitae, consectetuer eget, rutrum at, lorem."
33,33,6,Corporate,Online,2018-12-02 00:05:34,2016-08-29 08:56:38,7729083,,
34,34,7,Corporate,Offline,2017-12-22 08:29:38,2017-01-16 00:58:15,3866671,Praesent id massa id nisl venenatis lacinia. Aenean sit amet justo. Morbi ut odio.,"Duis bibendum, felis sed interdum venenatis, turpis enim blandit mi, in porttitor pede justo eu massa. Donec dapibus. Duis at velit eu est congue elementum."
35,35,8,Hybrid,Online,2017-05-09 23:49:41,2016-07-04 19:08:27,8737542,"Proin interdum mauris non ligula pellentesque ultrices. Phasellus id sapien in sapien iaculis congue. Vivamus metus arcu, adipiscing molestie, hendrerit at, vulputate vitae, nisl.",Integer tincidunt ante vel ipsum. Praesent blandit lacinia erat. Vestibulum sed magna at nunc commodo placerat.
36,36,2,Residential,Offline,2018-08-07 18:01:10,2018-05-03 11:24:14,2738930,"In hac habitasse platea dictumst. Morbi vestibulum, velit id pretium iaculis, diam erat fermentum justo, nec condimentum neque sapien placerat ante. Nulla justo.","Cras mi pede, malesuada in, imperdiet et, commodo vulputate, justo. In blandit ultrices enim. Lorem ipsum dolor sit amet, consectetuer adipiscing elit."
37,37,3,Corporate,Online,2017-12-14 21:01:21,2018-03-01 06:38:28,7136604,,
38,38,4,Corporate,Online,2018-04-23 03:39:09,2018-08-20 23:19:55,2107626,"Vestibulum quam sapien, varius ut, blandit non, interdum in, ante. Vestibulum ante ipsum primis in faucibus orci luctus et ultrices posuere cubilia Curae; Duis faucibus accumsan odio. Curabitur convallis.","Nam ultrices, libero non mattis pulvinar, nulla pede ullamcorper augue, a suscipit nulla elit ac nulla. Sed vel enim sit amet nunc viverra dapibus. Nulla suscipit ligula in lacus."
39,39,5,Residential,Online,2016-06-30 06:17:01,2016-04-11 12:24:08,3724638,"Proin eu mi. Nulla ac enim. In tempor, turpis nec euismod scelerisque, quam turpis adipiscing lorem, vitae mattis nibh ligula nec sem.",Maecenas ut massa quis augue luctus tincidunt. Nulla mollis molestie lorem. Quisque ut erat.
40,40,6,Residential,Offline,2017-12-11 22:39:17,2018-05-18 18:41:55,4240572,Cras non velit nec nisi vulputate nonummy. Maecenas tincidunt lacus at velit. Vivamus vel nulla eget eros elementum pellentesque.,Pellentesque at nulla. Suspendisse potenti. Cras in purus eu magna vulputate luctus.
41,41,7,Corporate,Online,2018-11-23 15:32:19,2018-03-23 04:38:51,2052730,,
42,42,8,Hybrid,Online,2018-07-31 14:30:25,2017-09-12 23:38:08,5389226,Praesent id massa id nisl venenatis lacinia. Aenean sit amet justo. Morbi ut odio.,Nullam sit amet turpis elementum ligula vehicula consequat. Morbi a ipsum. Integer a nibh.
43,43,2,Residential,Offline,2016-03-18 09:49:03,2016-11-04 18:14:50,2301370,,
44,44,3,Residential,Offline,2019-03-05 10:43:46,2019-01-26 09:58:31,5948940,Phasellus sit amet erat. Nulla tempus. Vivamus in felis eu sapien cursus vestibulum.,"Proin leo odio, porttitor id, consequat in, consequat ut, nulla. Sed accumsan felis. Ut at dolor quis odio consequat varius."
45,45,4,Residential,Offline,2017-12-20 23:54:56,2018-07-22 16:40:33,1401301,,
46,46,5,Residential,Offline,2016-08-08 02:22:24,2018-07-21 09:45:38,5248320,,
47,47,6,Corporate,Offline,2016-10-31 11:06:50,2018-03-23 20:17:46,6289374,,
48,48,7,Hybrid,Online,2017-05-03 14:33:25,2018-07-09 22:12:21,4815550,,
49,49,8,Residential,Online,2017-07-11 18:56:09,2016-10-21 22:20:45,3885639,,
50,50,2,Corporate,Online,2017-11-29 12:07:58,2017-03-11 09:32:05,1661210,,
51,51,3,Residential,Online,2018-10-27 10:04:27,2016-04-16 21:17:04,6838034,,
52,52,4,Corporate,Offline,2017-12-11 04:50:28,2018-09-21 18:31:36,4047426,,
53,53,5,Residential,Online,2016-08-17 13:18:13,2017-10-30 12:05:54,6003830,,
54,54,6,Residential,Offline,2017-10-19 15:05:53,2018-01-13 16:20:49,2566317,"Curabitur in libero ut massa volutpat convallis. Morbi odio odio, elementum eu, interdum eu, tincidunt in, leo. Maecenas pulvinar lobortis est.","Curabitur at ipsum ac tellus semper interdum. Mauris ullamcorper purus sit amet nulla. Quisque arcu libero, rutrum ac, lobortis vel, dapibus at, diam."
55,55,7,Residential,Online,2017-09-21 07:10:46,2017-11-15 22:17:18,9465136,Duis bibendum. Morbi non quam nec dui luctus rutrum. Nulla tellus.,Nullam sit amet turpis elementum ligula vehicula consequat. Morbi a ipsum. Integer a nibh.
56,56,8,Corporate,Offline,2018-04-20 03:35:32,2016-10-06 02:42:26,4113914,,
57,57,2,Corporate,Offline,2017-09-05 17:52:02,2017-05-01 06:28:54,125715,Cras non velit nec nisi vulputate nonummy. Maecenas tincidunt lacus at velit. Vivamus vel nulla eget eros elementum pellentesque.,Nullam porttitor lacus at turpis. Donec posuere metus vitae ipsum. Aliquam non mauris.
58,58,3,Hybrid,Online,2016-11-23 04:06:33,2018-04-18 13:14:16,2274506,,
59,59,4,Hybrid,Offline,2017-08-14 02:32:08,2016-07-05 22:40:54,1596695,"Proin eu mi. Nulla ac enim. In tempor, turpis nec euismod scelerisque, quam turpis adipiscing lorem, vitae mattis nibh ligula nec sem.",Duis aliquam convallis nunc. Proin at turpis a pede posuere nonummy. Integer non velit.
60,60,5,Residential,Offline,2016-08-26 14:27:42,2017-05-22 17:50:33,9560030,Fusce consequat. Nulla nisl. Nunc nisl.,Maecenas ut massa quis augue luctus tincidunt. Nulla mollis molestie lorem. Quisque ut erat.
61,61,6,Corporate,Offline,2018-01-18 16:44:54,2018-12-11 17:02:22,9628661,,
62,62,7,Hybrid,Online,2018-11-08 01:59:11,2016-07-07 01:15:02,6149969,,
63,63,8,Corporate,Online,2017-08-21 06:51:13,2017-09-09 11:36:38,9128573,,
64,64,2,Corporate,Online,2017-09-11 11:04:51,2019-03-01 23:16:18,3467000,,
65,65,3,Hybrid,Offline,2018-05-25 19:35:19,2016-03-15 01:37:10,1851902,"In hac habitasse platea dictumst. Morbi vestibulum, velit id pretium iaculis, diam erat fermentum justo, nec condimentum neque sapien placerat ante. Nulla justo.",Pellentesque at nulla. Suspendisse potenti. Cras in purus eu magna vulputate luctus.
66,66,4,Corporate,Offline,2018-03-31 00:12:27,2017-11-01 15:37:20,9062630,Cras non velit nec nisi vulputate nonummy. Maecenas tincidunt lacus at velit. Vivamus vel nulla eget eros elementum pellentesque.,Pellentesque at nulla. Suspendisse potenti. Cras in purus eu magna vulputate luctus.
67,67,5,Hybrid,Offline,2016-12-21 14:56:27,2018-08-07 21:02:54,3471987,,
68,68,6,Corporate,Offline,2017-01-01 19:47:23,2017-05-03 17:26:21,4849620,,
69,69,7,Hybrid,Offline,2017-02-11 18:48:23,2018-09-11 23:47:02,2431870,"Lorem ipsum dolor sit amet, consectetuer adipiscing elit. Proin risus. Praesent lectus.",In hac habitasse platea dictumst. Etiam faucibus cursus urna. Ut tellus.
70,70,8,Corporate,Online,2019-03-11 16:34:32,2016-07-30 04:12:08,4077874,"Curabitur in libero ut massa volutpat convallis. Morbi odio odio, elementum eu, interdum eu, tincidunt in, leo. Maecenas pulvinar lobortis est.",Aenean lectus. Pellentesque eget nunc. Donec quis orci eget orci vehicula condimentum.
71,71,2,Residential,Offline,2016-05-25 03:55:19,2017-09-15 02:53:36,8645857,Aliquam quis turpis eget elit sodales scelerisque. Mauris sit amet eros. Suspendisse accumsan tortor quis turpis.,"Praesent blandit. Nam nulla. Integer pede justo, lacinia eget, tincidunt eget, tempus vel, pede."
72,72,3,Residential,Online,2017-09-25 02:31:51,2018-12-17 06:31:49,3158773,,
73,73,4,Residential,Offline,2017-12-01 10:15:06,2017-05-06 04:48:11,6608205,,
74,74,5,Corporate,Online,2018-01-08 04:48:13,2017-06-05 06:40:15,8505581,"Morbi porttitor lorem id ligula. Suspendisse ornare consequat lectus. In est risus, auctor sed, tristique in, tempus sit amet, sem.","Fusce posuere felis sed lacus. Morbi sem mauris, laoreet ut, rhoncus aliquet, pulvinar sed, nisl. Nunc rhoncus dui vel sem."
75,75,6,Residential,Offline,2016-11-03 01:41:08,2017-12-18 23:14:58,8256060,"Quisque id justo sit amet sapien dignissim vestibulum. Vestibulum ante ipsum primis in faucibus orci luctus et ultrices posuere cubilia Curae; Nulla dapibus dolor vel est. Donec odio justo, sollicitudin ut, suscipit a, feugiat et, eros.","Morbi porttitor lorem id ligula. Suspendisse ornare consequat lectus. In est risus, auctor sed, tristique in, tempus sit amet, sem."
76,76,7,Hybrid,Offline,2016-08-25 14:50:08,2016-08-17 22:08:38,6656575,"Proin interdum mauris non ligula pellentesque ultrices. Phasellus id sapien in sapien iaculis congue. Vivamus metus arcu, adipiscing molestie, hendrerit at, vulputate vitae, nisl.","Vestibulum ac est lacinia nisi venenatis tristique. Fusce congue, diam id ornare imperdiet, sapien urna pretium nisl, ut volutpat sapien arcu sed augue. Aliquam erat volutpat."
77,77,8,Residential,Online,2018-02-13 10:30:09,2018-11-07 06:38:08,7769143,Nullam porttitor lacus at turpis. Donec posuere metus vitae ipsum. Aliquam non mauris.,Phasellus in felis. Donec semper sapien a libero. Nam dui.
78,78,2,Corporate,Online,2017-05-01 11:10:51,2018-11-28 12:23:25,8392050,,
79,79,3,Residential,Offline,2017-11-06 16:27:08,2017-11-20 09:13:09,3776083,,
80,80,4,Hybrid,Offline,2018-01-13 22:13:27,2018-07-06 19:38:27,2495291,,
81,81,5,Residential,Offline,2018-04-17 10:54:23,2018-08-24 16:44:26,615649,,
82,82,6,Hybrid,Online,2017-05-31 11:26:33,2016-11-15 20:44:28,4865916,Pellentesque at nulla. Suspendisse potenti. Cras in purus eu magna vulputate luctus.,"Praesent blandit. Nam nulla. Integer pede justo, lacinia eget, tincidunt eget, tempus vel, pede."
83,83,7,Hybrid,Online,2016-12-28 22:04:28,2017-11-28 16:33:29,4517778,In hac habitasse platea dictumst. Etiam faucibus cursus urna. Ut tellus.,"Vestibulum ac est lacinia nisi venenatis tristique. Fusce congue, diam id ornare imperdiet, sapien urna pretium nisl, ut volutpat sapien arcu sed augue. Aliquam erat volutpat."
84,84,8,Corporate,Online,2017-03-31 00:44:14,2016-10-11 13:53:31,5784522,Fusce consequat. Nulla nisl. Nunc nisl.,"Sed sagittis. Nam congue, risus semper porta volutpat, quam pede lobortis ligula, sit amet eleifend pede libero quis orci. Nullam molestie nibh in lectus."
85,85,2,Hybrid,Online,2018-09-16 20:11:40,2017-07-25 22:38:13,614417,Aenean lectus. Pellentesque eget nunc. Donec quis orci eget orci vehicula condimentum.,"Donec diam neque, vestibulum eget, vulputate ut, ultrices vel, augue. Vestibulum ante ipsum primis in faucibus orci luctus et ultrices posuere cubilia Curae; Donec pharetra, magna vestibulum aliquet ultrices, erat tortor sollicitudin mi, sit amet lobortis sapien sapien non mi. Integer ac neque."
86,86,3,Corporate,Online,2016-04-26 23:11:38,2018-02-12 03:52:00,9983170,,
87,87,4,Residential,Offline,2017-11-20 06:18:21,2018-11-08 16:05:26,9567095,,
88,88,5,Corporate,Offline,2017-02-20 07:39:22,2016-10-29 22:29:14,9676052,Sed ante. Vivamus tortor. Duis mattis egestas metus.,"Curabitur at ipsum ac tellus semper interdum. Mauris ullamcorper purus sit amet nulla. Quisque arcu libero, rutrum ac, lobortis vel, dapibus at, diam."
89,89,6,Hybrid,Offline,2018-05-07 03:12:50,2017-11-19 06:19:48,3722719,Duis bibendum. Morbi non quam nec dui luctus rutrum. Nulla tellus.,"Donec diam neque, vestibulum eget, vulputate ut, ultrices vel, augue. Vestibulum ante ipsum primis in faucibus orci luctus et ultrices posuere cubilia Curae; Donec pharetra, magna vestibulum aliquet ultrices, erat tortor sollicitudin mi, sit amet lobortis sapien sapien non mi. Integer ac neque."
90,90,7,Corporate,Offline,2016-11-11 13:56:23,2017-10-20 08:02:15,1697263,Suspendisse potenti. In eleifend quam a odio. In hac habitasse platea dictumst.,In quis justo. Maecenas rhoncus aliquam lacus. Morbi quis tortor id nulla ultrices aliquet.
91,91,8,Hybrid,Offline,2017-06-22 07:15:09,2017-10-25 14:11:03,7718686,"In hac habitasse platea dictumst. Morbi vestibulum, velit id pretium iaculis, diam erat fermentum justo, nec condimentum neque sapien placerat ante. Nulla justo.",Cras non velit nec nisi vulputate nonummy. Maecenas tincidunt lacus at velit. Vivamus vel nulla eget eros elementum pellentesque.
92,92,2,Hybrid,Offline,2017-07-21 06:15:03,2018-05-08 01:49:06,8290361,Aliquam quis turpis eget elit sodales scelerisque. Mauris sit amet eros. Suspendisse accumsan tortor quis turpis.,In quis justo. Maecenas rhoncus aliquam lacus. Morbi quis tortor id nulla ultrices aliquet.
93,93,3,Residential,Offline,2017-09-08 06:07:54,2017-02-10 07:22:28,5542098,"In sagittis dui vel nisl. Duis ac nibh. Fusce lacus purus, aliquet at, feugiat non, pretium quis, lectus.","Fusce posuere felis sed lacus. Morbi sem mauris, laoreet ut, rhoncus aliquet, pulvinar sed, nisl. Nunc rhoncus dui vel sem."
94,94,4,Hybrid,Offline,2016-08-29 15:42:51,2017-10-24 06:37:56,8023138,Praesent id massa id nisl venenatis lacinia. Aenean sit amet justo. Morbi ut odio.,Etiam vel augue. Vestibulum rutrum rutrum neque. Aenean auctor gravida sem.
95,95,5,Hybrid,Offline,2018-06-27 23:23:26,2018-10-01 02:08:29,4445498,,
96,96,6,Corporate,Offline,2017-11-08 11:32:29,2018-12-04 19:47:54,5469442,,
97,97,7,Corporate,Offline,2018-10-25 05:58:18,2018-09-22 09:33:55,3986109,"Maecenas leo odio, condimentum id, luctus nec, molestie sed, justo. Pellentesque viverra pede ac diam. Cras pellentesque volutpat dui.",Cras non velit nec nisi vulputate nonummy. Maecenas tincidunt lacus at velit. Vivamus vel nulla eget eros elementum pellentesque.
98,98,8,Residential,Online,2018-11-03 15:32:41,2017-03-30 09:01:46,4122767,,
99,99,2,Hybrid,Online,2016-10-05 08:22:52,2017-03-02 06:23:25,4068131,"Mauris enim leo, rhoncus sed, vestibulum sit amet, cursus id, turpis. Integer aliquet, massa id lobortis convallis, tortor risus dapibus augue, vel accumsan tellus nisi eu orci. Mauris lacinia sapien quis libero.","Proin interdum mauris non ligula pellentesque ultrices. Phasellus id sapien in sapien iaculis congue. Vivamus metus arcu, adipiscing molestie, hendrerit at, vulputate vitae, nisl."
100,100,3,Hybrid,Online,2016-04-16 07:58:15,2018-06-22 03:29:47,5598883,"Quisque id justo sit amet sapien dignissim vestibulum. Vestibulum ante ipsum primis in faucibus orci luctus et ultrices posuere cubilia Curae; Nulla dapibus dolor vel est. Donec odio justo, sollicitudin ut, suscipit a, feugiat et, eros.","Curabitur in libero ut massa volutpat convallis. Morbi odio odio, elementum eu, interdum eu, tincidunt in, leo. Maecenas pulvinar lobortis est."
101,101,4,Hybrid,Online,2016-08-23 11:02:43,2018-06-27 16:56:34,4681566,,
102,102,5,Hybrid,Online,2018-12-31 21:45:10,2016-06-28 20:18:44,6140401,,
103,103,6,Hybrid,Offline,2017-09-22 10:37:51,2016-11-26 11:10:36,8101687,,
104,104,7,Hybrid,Online,2018-01-14 03:13:09,2017-12-05 17:54:40,8843994,"Curabitur at ipsum ac tellus semper interdum. Mauris ullamcorper purus sit amet nulla. Quisque arcu libero, rutrum ac, lobortis vel, dapibus at, diam.","Quisque porta volutpat erat. Quisque erat eros, viverra eget, congue eget, semper rutrum, nulla. Nunc purus."
105,105,8,Residential,Offline,2016-10-02 21:57:50,2016-11-20 12:57:11,3504216,,
106,106,2,Corporate,Offline,2016-12-02 12:44:16,2017-09-15 17:33:17,8998378,,
107,107,3,Residential,Online,2019-01-26 05:33:52,2018-12-25 03:12:34,8244706,,
108,108,4,Corporate,Offline,2017-04-27 20:07:10,2016-11-29 03:32:35,3827870,,
109,109,5,Corporate,Online,2017-07-09 16:43:43,2018-04-04 19:48:00,3706093,,
110,110,6,Hybrid,Offline,2018-03-14 22:46:18,2018-04-21 08:13:52,7632053,"Maecenas tristique, est et tempus semper, est quam pharetra magna, ac consequat metus sapien ut nunc. Vestibulum ante ipsum primis in faucibus orci luctus et ultrices posuere cubilia Curae; Mauris viverra diam vitae quam. Suspendisse potenti.","Maecenas leo odio, condimentum id, luctus nec, molestie sed, justo. Pellentesque viverra pede ac diam. Cras pellentesque volutpat dui."
111,111,7,Hybrid,Online,2017-04-29 02:59:19,2016-11-08 20:00:01,2695749,Duis consequat dui nec nisi volutpat eleifend. Donec ut dolor. Morbi vel lectus in quam fringilla rhoncus.,Etiam vel augue. Vestibulum rutrum rutrum neque. Aenean auctor gravida sem.
112,112,8,Hybrid,Online,2018-09-04 08:40:28,2018-03-19 20:22:34,3743477,"Fusce posuere felis sed lacus. Morbi sem mauris, laoreet ut, rhoncus aliquet, pulvinar sed, nisl. Nunc rhoncus dui vel sem.","Proin eu mi. Nulla ac enim. In tempor, turpis nec euismod scelerisque, quam turpis adipiscing lorem, vitae mattis nibh ligula nec sem."
113,113,2,Hybrid,Online,2018-04-11 03:01:21,2018-03-08 20:05:24,3386682,In quis justo. Maecenas rhoncus aliquam lacus. Morbi quis tortor id nulla ultrices aliquet.,"Morbi non lectus. Aliquam sit amet diam in magna bibendum imperdiet. Nullam orci pede, venenatis non, sodales sed, tincidunt eu, felis."
114,114,3,Corporate,Offline,2016-06-09 15:05:16,2017-02-22 10:15:23,2410695,"Duis bibendum, felis sed interdum venenatis, turpis enim blandit mi, in porttitor pede justo eu massa. Donec dapibus. Duis at velit eu est congue elementum.","Duis bibendum, felis sed interdum venenatis, turpis enim blandit mi, in porttitor pede justo eu massa. Donec dapibus. Duis at velit eu est congue elementum."
115,115,4,Corporate,Online,2017-01-20 09:20:24,2017-01-28 17:53:14,7940907,Fusce consequat. Nulla nisl. Nunc nisl.,"In sagittis dui vel nisl. Duis ac nibh. Fusce lacus purus, aliquet at, feugiat non, pretium quis, lectus."
116,116,5,Corporate,Online,2016-04-16 22:55:38,2018-04-30 21:36:28,9483136,,
117,117,6,Hybrid,Offline,2018-09-28 03:35:55,2016-03-26 06:43:13,893118,Integer tincidunt ante vel ipsum. Praesent blandit lacinia erat. Vestibulum sed magna at nunc commodo placerat.,In hac habitasse platea dictumst. Etiam faucibus cursus urna. Ut tellus.
118,118,7,Corporate,Offline,2017-12-06 10:27:10,2019-01-17 05:12:36,3454311,"In sagittis dui vel nisl. Duis ac nibh. Fusce lacus purus, aliquet at, feugiat non, pretium quis, lectus.","Cras mi pede, malesuada in, imperdiet et, commodo vulputate, justo. In blandit ultrices enim. Lorem ipsum dolor sit amet, consectetuer adipiscing elit."
119,119,8,Residential,Offline,2019-02-04 18:43:19,2017-11-24 05:52:12,1297453,,
120,120,2,Residential,Offline,2016-11-20 11:47:11,2018-08-26 16:53:31,8694867,,
121,121,3,Hybrid,Offline,2017-12-20 21:02:56,2018-07-19 16:00:22,2231643,Phasellus sit amet erat. Nulla tempus. Vivamus in felis eu sapien cursus vestibulum.,Phasellus sit amet erat. Nulla tempus. Vivamus in felis eu sapien cursus vestibulum.
122,122,4,Hybrid,Offline,2018-08-13 05:09:04,2016-09-20 17:42:54,6326764,,
123,123,5,Corporate,Offline,2016-12-11 06:49:31,2017-03-04 00:42:14,3054166,"Maecenas leo odio, condimentum id, luctus nec, molestie sed, justo. Pellentesque viverra pede ac diam. Cras pellentesque volutpat dui.","Curabitur in libero ut massa volutpat convallis. Morbi odio odio, elementum eu, interdum eu, tincidunt in, leo. Maecenas pulvinar lobortis est."
124,124,6,Hybrid,Online,2018-07-19 09:57:02,2017-08-18 09:44:06,8952351,,
125,125,7,Residential,Offline,2016-06-16 23:48:23,2019-02-01 13:49:03,28871,,
126,126,8,Corporate,Offline,2016-11-07 23:20:33,2018-01-30 08:52:56,7572005,,
127,127,2,Hybrid,Online,2017-07-31 08:59:20,2017-03-06 02:33:27,1134007,,
128,128,3,Hybrid,Online,2017-12-11 08:17:08,2018-04-04 20:18:57,4435471,Suspendisse potenti. In eleifend quam a odio. In hac habitasse platea dictumst.,Praesent id massa id nisl venenatis lacinia. Aenean sit amet justo. Morbi ut odio.
129,129,4,Residential,Offline,2016-04-06 04:36:37,2018-05-02 07:30:50,7711660,,
130,130,5,Residential,Online,2017-12-03 06:35:01,2017-12-01 18:14:48,957586,,
131,131,6,Residential,Offline,2016-07-28 05:52:39,2017-02-16 11:11:42,3772431,,
132,132,7,Residential,Offline,2016-04-14 23:25:28,2018-07-18 22:52:39,1786126,,
133,133,8,Residential,Offline,2017-03-09 13:25:18,2016-08-23 21:56:31,3333301,,
134,134,2,Residential,Online,2019-02-24 13:42:58,2017-10-20 20:51:45,1738545,"Proin leo odio, porttitor id, consequat in, consequat ut, nulla. Sed accumsan felis. Ut at dolor quis odio consequat varius.",Aliquam quis turpis eget elit sodales scelerisque. Mauris sit amet eros. Suspendisse accumsan tortor quis turpis.
135,135,3,Hybrid,Online,2017-03-13 11:23:11,2018-10-05 16:38:50,5504859,,
136,136,4,Residential,Offline,2017-02-26 13:45:16,2017-11-29 10:50:55,4269589,"In sagittis dui vel nisl. Duis ac nibh. Fusce lacus purus, aliquet at, feugiat non, pretium quis, lectus.","Proin eu mi. Nulla ac enim. In tempor, turpis nec euismod scelerisque, quam turpis adipiscing lorem, vitae mattis nibh ligula nec sem."
137,137,5,Residential,Online,2018-05-18 10:00:44,2017-09-28 10:33:35,8634612,Aliquam quis turpis eget elit sodales scelerisque. Mauris sit amet eros. Suspendisse accumsan tortor quis turpis.,Integer ac leo. Pellentesque ultrices mattis odio. Donec vitae nisi.
138,138,6,Residential,Offline,2016-12-16 14:42:35,2017-10-12 23:29:59,203570,Praesent id massa id nisl venenatis lacinia. Aenean sit amet justo. Morbi ut odio.,"Mauris enim leo, rhoncus sed, vestibulum sit amet, cursus id, turpis. Integer aliquet, massa id lobortis convallis, tortor risus dapibus augue, vel accumsan tellus nisi eu orci. Mauris lacinia sapien quis libero."
139,139,7,Corporate,Offline,2017-11-23 15:32:03,2016-08-08 22:48:17,5983599,,
140,140,8,Corporate,Offline,2019-01-22 02:01:23,2018-04-09 03:47:09,6616718,Duis aliquam convallis nunc. Proin at turpis a pede posuere nonummy. Integer non velit.,"Morbi non lectus. Aliquam sit amet diam in magna bibendum imperdiet. Nullam orci pede, venenatis non, sodales sed, tincidunt eu, felis."
141,141,2,Corporate,Online,2016-09-14 09:06:09,2017-06-23 22:16:44,4054434,,
142,142,3,Residential,Offline,2016-10-11 18:16:02,2017-07-03 15:17:24,4641031,Duis aliquam convallis nunc. Proin at turpis a pede posuere nonummy. Integer non velit.,"Proin interdum mauris non ligula pellentesque ultrices. Phasellus id sapien in sapien iaculis congue. Vivamus metus arcu, adipiscing molestie, hendrerit at, vulputate vitae, nisl."
143,143,4,Residential,Offline,2016-07-30 04:19:07,2017-05-31 06:41:38,4325116,"In sagittis dui vel nisl. Duis ac nibh. Fusce lacus purus, aliquet at, feugiat non, pretium quis, lectus.",Sed ante. Vivamus tortor. Duis mattis egestas metus.
144,144,5,Hybrid,Offline,2018-03-24 16:11:47,2017-04-29 06:46:45,7795437,,
145,145,6,Corporate,Offline,2018-10-11 01:49:45,2016-04-03 02:36:50,1538693,In congue. Etiam justo. Etiam pretium iaculis justo.,Aenean lectus. Pellentesque eget nunc. Donec quis orci eget orci vehicula condimentum.
146,146,7,Hybrid,Online,2017-03-01 12:52:21,2016-03-25 03:35:02,7512221,,
147,147,8,Corporate,Online,2018-12-21 22:15:23,2018-08-26 00:52:50,3227040,"Praesent blandit. Nam nulla. Integer pede justo, lacinia eget, tincidunt eget, tempus vel, pede.","Praesent blandit. Nam nulla. Integer pede justo, lacinia eget, tincidunt eget, tempus vel, pede."
148,148,2,Corporate,Online,2017-10-22 06:02:58,2016-05-25 18:31:17,773364,Pellentesque at nulla. Suspendisse potenti. Cras in purus eu magna vulputate luctus.,"Duis bibendum, felis sed interdum venenatis, turpis enim blandit mi, in porttitor pede justo eu massa. Donec dapibus. Duis at velit eu est congue elementum."
149,149,3,Hybrid,Offline,2017-04-05 07:27:27,2016-04-09 17:53:42,1456063,,
150,150,4,Corporate,Offline,2017-04-09 15:16:37,2018-10-04 20:11:34,1155106,,
151,151,5,Corporate,Offline,2017-12-20 08:13:48,2016-08-15 23:42:59,2752187,Duis aliquam convallis nunc. Proin at turpis a pede posuere nonummy. Integer non velit.,"Morbi porttitor lorem id ligula. Suspendisse ornare consequat lectus. In est risus, auctor sed, tristique in, tempus sit amet, sem."
152,152,6,Corporate,Online,2017-12-31 18:49:21,2018-10-05 21:04:33,4704911,,
153,153,7,Residential,Online,2017-09-20 23:59:05,2019-02-12 02:24:31,7948581,,
154,154,8,Corporate,Online,2016-09-21 09:40:52,2017-09-30 10:43:00,4217329,,
155,155,2,Hybrid,Online,2017-08-13 05:35:35,2019-02-18 11:14:27,2582999,,
156,156,3,Hybrid,Offline,2018-06-29 19:46:57,2016-04-05 00:12:44,8203161,"Aenean fermentum. Donec ut mauris eget massa tempor convallis. Nulla neque libero, convallis eget, eleifend luctus, ultricies eu, nibh.",Integer ac leo. Pellentesque ultrices mattis odio. Donec vitae nisi.
157,157,4,Residential,Online,2016-10-12 19:34:28,2016-03-18 16:05:51,2636157,Integer tincidunt ante vel ipsum. Praesent blandit lacinia erat. Vestibulum sed magna at nunc commodo placerat.,Duis aliquam convallis nunc. Proin at turpis a pede posuere nonummy. Integer non velit.
158,158,5,Hybrid,Offline,2016-03-23 11:04:21,2018-02-18 15:00:46,9877101,"Duis bibendum, felis sed interdum venenatis, turpis enim blandit mi, in porttitor pede justo eu massa. Donec dapibus. Duis at velit eu est congue elementum.",Maecenas ut massa quis augue luctus tincidunt. Nulla mollis molestie lorem. Quisque ut erat.
159,159,6,Residential,Online,2018-04-07 10:00:56,2016-03-17 01:47:50,7221484,Maecenas ut massa quis augue luctus tincidunt. Nulla mollis molestie lorem. Quisque ut erat.,"Proin interdum mauris non ligula pellentesque ultrices. Phasellus id sapien in sapien iaculis congue. Vivamus metus arcu, adipiscing molestie, hendrerit at, vulputate vitae, nisl."
160,160,7,Hybrid,Offline,2019-02-10 15:43:32,2017-01-28 13:00:29,7367069,,
161,161,8,Hybrid,Online,2018-04-29 09:39:41,2016-12-12 08:24:21,3259197,,
162,162,2,Hybrid,Offline,2018-03-13 17:00:36,2017-06-10 01:48:21,6887951,Praesent id massa id nisl venenatis lacinia. Aenean sit amet justo. Morbi ut odio.,"Proin interdum mauris non ligula pellentesque ultrices. Phasellus id sapien in sapien iaculis congue. Vivamus metus arcu, adipiscing molestie, hendrerit at, vulputate vitae, nisl."
163,163,3,Residential,Online,2018-06-12 18:37:11,2018-10-08 05:11:52,9265723,,
164,164,4,Corporate,Online,2018-03-18 16:44:44,2018-10-16 17:03:08,9257640,"In sagittis dui vel nisl. Duis ac nibh. Fusce lacus purus, aliquet at, feugiat non, pretium quis, lectus.","Mauris enim leo, rhoncus sed, vestibulum sit amet, cursus id, turpis. Integer aliquet, massa id lobortis convallis, tortor risus dapibus augue, vel accumsan tellus nisi eu orci. Mauris lacinia sapien quis libero."
165,165,5,Residential,Online,2018-11-30 00:04:16,2019-02-19 21:39:14,2317504,,
166,166,6,Corporate,Offline,2016-05-03 06:09:35,2017-09-01 03:11:39,9316457,,
167,167,7,Hybrid,Offline,2018-09-18 04:05:19,2016-11-01 23:01:50,6187203,"Sed sagittis. Nam congue, risus semper porta volutpat, quam pede lobortis ligula, sit amet eleifend pede libero quis orci. Nullam molestie nibh in lectus.",Duis aliquam convallis nunc. Proin at turpis a pede posuere nonummy. Integer non velit.
168,168,8,Hybrid,Online,2017-12-12 12:37:08,2017-01-04 22:21:49,1505212,Duis aliquam convallis nunc. Proin at turpis a pede posuere nonummy. Integer non velit.,"In sagittis dui vel nisl. Duis ac nibh. Fusce lacus purus, aliquet at, feugiat non, pretium quis, lectus."
169,169,2,Residential,Offline,2016-08-05 14:15:51,2018-03-14 21:02:43,596668,,
170,170,3,Residential,Offline,2017-05-29 18:53:16,2017-09-09 20:07:13,1429163,,
171,171,4,Corporate,Offline,2019-03-04 17:32:24,2018-09-06 04:49:07,380392,,
172,172,5,Corporate,Offline,2018-09-13 16:45:54,2018-02-04 13:45:55,4759435,In quis justo. Maecenas rhoncus aliquam lacus. Morbi quis tortor id nulla ultrices aliquet.,Phasellus in felis. Donec semper sapien a libero. Nam dui.
173,173,6,Corporate,Online,2018-06-21 10:11:37,2019-02-19 18:16:49,5480276,In quis justo. Maecenas rhoncus aliquam lacus. Morbi quis tortor id nulla ultrices aliquet.,"Cum sociis natoque penatibus et magnis dis parturient montes, nascetur ridiculus mus. Vivamus vestibulum sagittis sapien. Cum sociis natoque penatibus et magnis dis parturient montes, nascetur ridiculus mus."
174,174,7,Hybrid,Online,2017-09-04 08:46:28,2018-04-30 20:47:11,7936952,Praesent id massa id nisl venenatis lacinia. Aenean sit amet justo. Morbi ut odio.,Nullam porttitor lacus at turpis. Donec posuere metus vitae ipsum. Aliquam non mauris.
175,175,8,Hybrid,Offline,2016-10-16 11:14:17,2018-09-03 19:36:46,8578604,"Maecenas leo odio, condimentum id, luctus nec, molestie sed, justo. Pellentesque viverra pede ac diam. Cras pellentesque volutpat dui.",In quis justo. Maecenas rhoncus aliquam lacus. Morbi quis tortor id nulla ultrices aliquet.
176,176,2,Hybrid,Online,2017-12-21 20:21:22,2018-02-07 07:29:31,4830735,,
177,177,3,Hybrid,Online,2016-06-29 08:24:33,2017-01-03 21:20:34,3423321,,
178,178,4,Corporate,Online,2016-05-08 17:05:22,2018-08-29 05:31:06,9196372,,
179,179,5,Corporate,Offline,2017-06-10 06:19:32,2018-09-29 23:11:31,5696692,Phasellus in felis. Donec semper sapien a libero. Nam dui.,"Curabitur at ipsum ac tellus semper interdum. Mauris ullamcorper purus sit amet nulla. Quisque arcu libero, rutrum ac, lobortis vel, dapibus at, diam."
180,180,6,Corporate,Offline,2016-09-13 14:21:17,2018-10-12 15:40:28,4188566,"Proin interdum mauris non ligula pellentesque ultrices. Phasellus id sapien in sapien iaculis congue. Vivamus metus arcu, adipiscing molestie, hendrerit at, vulputate vitae, nisl.","Cras mi pede, malesuada in, imperdiet et, commodo vulputate, justo. In blandit ultrices enim. Lorem ipsum dolor sit amet, consectetuer adipiscing elit."
181,181,7,Corporate,Offline,2017-04-06 21:50:35,2016-11-18 17:23:05,7784621,,
182,182,8,Hybrid,Online,2018-08-15 13:01:52,2016-12-26 03:21:09,120327,,
183,183,2,Hybrid,Online,2017-09-23 10:55:32,2017-03-11 14:24:54,1119947,,
184,184,3,Corporate,Offline,2017-11-13 15:06:03,2017-08-10 17:02:48,6809262,"Maecenas leo odio, condimentum id, luctus nec, molestie sed, justo. Pellentesque viverra pede ac diam. Cras pellentesque volutpat dui.","Donec diam neque, vestibulum eget, vulputate ut, ultrices vel, augue. Vestibulum ante ipsum primis in faucibus orci luctus et ultrices posuere cubilia Curae; Donec pharetra, magna vestibulum aliquet ultrices, erat tortor sollicitudin mi, sit amet lobortis sapien sapien non mi. Integer ac neque."
185,185,4,Hybrid,Online,2018-03-14 12:00:42,2018-07-15 10:05:49,126487,Fusce consequat. Nulla nisl. Nunc nisl.,"Maecenas tristique, est et tempus semper, est quam pharetra magna, ac consequat metus sapien ut nunc. Vestibulum ante ipsum primis in faucibus orci luctus et ultrices posuere cubilia Curae; Mauris viverra diam vitae quam. Suspendisse potenti."
186,186,5,Corporate,Online,2017-08-18 00:11:07,2017-01-08 18:15:02,1177093,,
187,187,6,Corporate,Offline,2016-05-06 03:11:36,2019-02-23 21:04:53,6492297,In congue. Etiam justo. Etiam pretium iaculis justo.,Pellentesque at nulla. Suspendisse potenti. Cras in purus eu magna vulputate luctus.
188,188,7,Corporate,Offline,2016-04-17 21:26:04,2016-04-16 23:15:37,7121662,"Donec diam neque, vestibulum eget, vulputate ut, ultrices vel, augue. Vestibulum ante ipsum primis in faucibus orci luctus et ultrices posuere cubilia Curae; Donec pharetra, magna vestibulum aliquet ultrices, erat tortor sollicitudin mi, sit amet lobortis sapien sapien non mi. Integer ac neque.","Maecenas leo odio, condimentum id, luctus nec, molestie sed, justo. Pellentesque viverra pede ac diam. Cras pellentesque volutpat dui."
189,189,8,Residential,Online,2017-04-24 14:13:18,2017-12-31 06:57:53,3173285,,
190,190,2,Corporate,Offline,2017-10-11 01:35:22,2017-06-25 15:03:39,7805706,Suspendisse potenti. In eleifend quam a odio. In hac habitasse platea dictumst.,Suspendisse potenti. In eleifend quam a odio. In hac habitasse platea dictumst.
191,191,3,Hybrid,Offline,2018-03-03 07:20:30,2017-02-07 01:09:33,3734199,Maecenas ut massa quis augue luctus tincidunt. Nulla mollis molestie lorem. Quisque ut erat.,"Donec diam neque, vestibulum eget, vulputate ut, ultrices vel, augue. Vestibulum ante ipsum primis in faucibus orci luctus et ultrices posuere cubilia Curae; Donec pharetra, magna vestibulum aliquet ultrices, erat tortor sollicitudin mi, sit amet lobortis sapien sapien non mi. Integer ac neque."
192,192,4,Corporate,Online,2016-03-25 16:26:18,2017-04-18 03:41:36,5968930,,
193,193,5,Residential,Offline,2017-08-26 20:52:43,2017-09-15 07:41:52,7719986,In quis justo. Maecenas rhoncus aliquam lacus. Morbi quis tortor id nulla ultrices aliquet.,"Mauris enim leo, rhoncus sed, vestibulum sit amet, cursus id, turpis. Integer aliquet, massa id lobortis convallis, tortor risus dapibus augue, vel accumsan tellus nisi eu orci. Mauris lacinia sapien quis libero."
194,194,6,Hybrid,Online,2016-05-29 00:22:26,2017-06-17 04:01:14,6197405,,
195,195,7,Corporate,Online,2018-03-25 07:57:58,2017-12-18 02:12:27,8125652,Aliquam quis turpis eget elit sodales scelerisque. Mauris sit amet eros. Suspendisse accumsan tortor quis turpis.,Nulla ut erat id mauris vulputate elementum. Nullam varius. Nulla facilisi.
196,196,8,Hybrid,Offline,2018-04-05 13:22:24,2016-03-25 15:59:12,8106414,Maecenas ut massa quis augue luctus tincidunt. Nulla mollis molestie lorem. Quisque ut erat.,Aenean lectus. Pellentesque eget nunc. Donec quis orci eget orci vehicula condimentum.
197,197,2,Hybrid,Online,2017-12-18 06:44:42,2016-06-19 15:35:56,6370624,Nullam porttitor lacus at turpis. Donec posuere metus vitae ipsum. Aliquam non mauris.,Maecenas ut massa quis augue luctus tincidunt. Nulla mollis molestie lorem. Quisque ut erat.
198,198,3,Hybrid,Online,2018-01-07 19:02:41,2016-08-25 04:59:10,1181351,Phasellus in felis. Donec semper sapien a libero. Nam dui.,Cras non velit nec nisi vulputate nonummy. Maecenas tincidunt lacus at velit. Vivamus vel nulla eget eros elementum pellentesque.
199,199,4,Hybrid,Online,2018-08-07 00:17:43,2018-01-29 10:17:28,6825467,Etiam vel augue. Vestibulum rutrum rutrum neque. Aenean auctor gravida sem.,Phasellus sit amet erat. Nulla tempus. Vivamus in felis eu sapien cursus vestibulum.
200,200,5,Hybrid,Offline,2018-04-19 08:54:31,2018-01-08 08:11:43,3945413,"Curabitur in libero ut massa volutpat convallis. Morbi odio odio, elementum eu, interdum eu, tincidunt in, leo. Maecenas pulvinar lobortis est.","Quisque id justo sit amet sapien dignissim vestibulum. Vestibulum ante ipsum primis in faucibus orci luctus et ultrices posuere cubilia Curae; Nulla dapibus dolor vel est. Donec odio justo, sollicitudin ut, suscipit a, feugiat et, eros."
