department,full_name,company_name,email,phone_number,number_of_apartements,number_of_floors,number_of_basements,number_of_parking,number_of_stores,max_occupancy_per_floor,hours_of_activity ,service_level,number_of_elevators,installation_cost,total_cost
Residential,Valeria Graith,Brightdog,vgraith0@ed.gov,941-341-8943,32,79,10,,,,,Premium,29,$10013.60,$1859377.51
Residential,Cordell Knowles,Livepath,cknowles5@reverbnation.com,713-151-9640,376,39,2,,,,,Excelium,30,$13463.34,$1838499.66
Residential,Nichols D'Orsay,Flashset,ndorsayc@xrea.com,664-883-7542,339,48,5,,,,,Premium,19,$10055.89,$1784354.09
Residential,Dalenna Kingdon,Voomm,dkingdond@netlog.com,384-128-2063,138,90,10,,,,,Premium,18,$15977.09,$580912.33
Residential,Nobie Lefeuvre,Chatterbridge,nlefeuvrej@cocolog-nifty.com,130-855-4612,135,57,2,,,,,Excelium,20,$17702.68,$481030.34
Residential,Nikolia Berwick,Yakidoo,nberwickl@dion.ne.jp,803-349-6235,264,49,4,,,,,Excelium,22,$10520.01,$529439.05
Residential,Garret Opfer,Thoughtmix,gopfern@qq.com,770-816-3883,252,47,1,,,,,Premium,1,$16594.55,$1832574.18
Residential,Leupold McIlraith,Demivee,lmcilraitho@facebook.com,373-802-8304,315,95,4,,,,,Premium,20,$17053.02,$387133.82
Residential,Amara Booley,Leenti,abooleyq@oakley.com,770-739-9087,345,93,4,,,,,Premium,18,$10557.00,$1522483.47
Residential,Bren Tripet,Tagopia,btripett@un.org,555-466-1000,160,96,3,,,,,Standard,25,$9880.88,$1125514.97
Residential,Dale Shirland,Oodoo,dshirlandu@ebay.com,213-860-8946,70,28,8,,,,,Excelium,3,$17419.53,$1959143.39
Residential,Lillian Folger,Izio,lfolgerv@hubpages.com,691-721-2204,379,25,5,,,,,Premium,21,$17704.79,$407873.86
Residential,Wynne Barosch,Trunyx,wbaroschy@1688.com,344-496-2617,133,61,4,,,,,Excelium,22,$14354.61,$984624.94
Residential,Georg Kenan,Skinder,gkenanz@vinaora.com,897-244-0321,375,78,10,,,,,Standard,25,$9178.73,$2083416.29
Residential,Marlee Duncanson,Thoughtstorm,mduncanson1e@nhs.uk,917-413-7120,186,31,10,,,,,Premium,1,$16272.10,$462181.05
Residential,Terrye Menico,LiveZ,tmenico1n@ifeng.com,774-619-5608,396,21,3,,,,,Standard,23,$16693.84,$706346.75
Residential,Lucio Tunbridge,Zooxo,ltunbridge1p@moonfruit.com,599-974-7011,133,9,9,,,,,Premium,28,$11547.28,$777773.88
Residential,Gusti Harcase,Jaxbean,gharcase1r@mysql.com,626-765-3804,43,77,4,,,,,Standard,9,$13307.46,$1934880.86
Residential,Carolan Gertz,Browseblab,cgertz24@psu.edu,755-559-8088,151,53,7,,,,,Premium,24,$8885.57,$624551.82
Residential,Lea Aymerich,Skyvu,laymerich2h@booking.com,446-141-2944,270,97,1,,,,,Premium,6,$7000.01,$1512066.17
Residential,Abbie Newlands,Tanoodle,anewlands2i@wp.com,338-522-7535,196,83,5,,,,,Premium,24,$13966.45,$925738.85
Residential,Quinta Landells,Twimbo,qlandells2n@house.gov,228-914-6790,46,91,3,,,,,Standard,28,$7334.10,$870211.30
Residential,Mahala Plume,Skajo,mplume2o@live.com,612-918-1039,386,29,10,,,,,Standard,16,$15906.43,$301745.03
Residential,Chelsy Acom,Zoonder,cacom2t@mit.edu,666-168-2420,196,80,3,,,,,Standard,22,$14463.06,$2080222.07
Residential,Andie MacCole,Nlounge,amaccole2v@wikispaces.com,907-764-5516,359,99,3,,,,,Standard,30,$15312.30,$1428548.44
Residential,Carlye Elleton,Jamia,celleton2x@flavors.me,250-314-2509,223,33,9,,,,,Premium,27,$14083.73,$2044597.67
Residential,Prudy Pomery,Dazzlesphere,ppomery2y@answers.com,542-908-7059,238,37,7,,,,,Standard,29,$12245.64,$2332419.10
Residential,Ethyl Blumer,Yabox,eblumer33@imdb.com,303-287-8184,354,45,9,,,,,Standard,26,$17086.66,$2036262.66
Residential,Kenton Stollhofer,Skajo,kstollhofer3a@time.com,436-732-9266,259,82,9,,,,,Excelium,22,$14013.17,$1085876.10
Residential,Danyette Phillipps,Meeveo,dphillipps3e@wikipedia.org,884-112-0195,262,17,8,,,,,Standard,26,$17150.43,$1468953.11
Residential,Newton Hoble,Voonder,nhoble3o@phoca.cz,803-528-1280,294,29,1,,,,,Premium,5,$14240.23,$895515.16
Residential,Shae Wheal,Browsezoom,swheal3t@ox.ac.uk,830-914-5882,32,21,5,,,,,Standard,8,$16451.31,$2317325.10
Residential,Philippe Dowley,Vinder,pdowley3v@smugmug.com,715-962-3210,323,82,5,,,,,Premium,25,$12860.13,$934795.99
Residential,Aubrette Crenage,Yotz,acrenage3z@walmart.com,191-710-3267,166,44,7,,,,,Standard,28,$12570.67,$2126754.33
Residential,Jeffrey Neem,Babbleblab,jneem44@sohu.com,795-249-3771,49,37,7,,,,,Excelium,28,$15534.38,$680944.48
Residential,Leigh Lumb,Divape,llumb45@yolasite.com,456-869-7588,172,3,10,,,,,Standard,25,$17106.34,$1914306.37
Residential,Edin Sotworth,Youfeed,esotworth49@1und1.de,651-766-7708,317,71,2,,,,,Premium,17,$7361.16,$932758.56
Residential,Shae Trippack,Tagtune,strippack4k@tmall.com,153-879-3607,168,82,7,,,,,Standard,13,$7551.83,$511917.20
Residential,Linnell McTrustram,Avamm,lmctrustram4s@narod.ru,985-798-3858,390,91,4,,,,,Premium,21,$9179.23,$461533.67
Residential,Eustacia Hurdidge,Divanoodle,ehurdidge4t@vkontakte.ru,143-961-1955,81,77,10,,,,,Premium,11,$15031.58,$1873798.80
Residential,Judith Asals,Skiptube,jasals4z@weibo.com,961-233-9135,20,80,6,,,,,Standard,4,$17557.02,$671031.42
Residential,Frederico Drake,Feedmix,fdrake52@mit.edu,956-363-5180,209,7,2,,,,,Premium,17,$7086.08,$2205701.82
Residential,Hollyanne Stubbeley,Feedspan,hstubbeley5n@sohu.com,535-543-2646,105,48,9,,,,,Standard,20,$10875.01,$1597428.04
Residential,Ertha Crampsey,Tagcat,ecrampsey5o@gravatar.com,570-303-5350,311,79,10,,,,,Premium,30,$8727.86,$1158174.53
Residential,Earvin Chalder,Jetwire,echalder5p@yelp.com,612-853-2174,249,82,2,,,,,Excelium,17,$14416.12,$910001.79
Residential,Martyn Izhak,Wordware,mizhak60@cisco.com,841-959-9877,63,56,10,,,,,Premium,26,$17666.81,$814081.39
Residential,Maure Steers,Cogidoo,msteers65@cpanel.net,836-210-7230,204,62,3,,,,,Standard,5,$11446.00,$572576.69
Residential,Justina Barthelet,Skajo,jbarthelet6d@devhub.com,155-811-7996,24,78,1,,,,,Premium,16,$17364.22,$1572813.66
Residential,Lucine Binning,Plambee,lbinning6j@dmoz.org,469-464-6160,282,34,5,,,,,Premium,23,$12934.68,$2057947.86
Residential,Tabb Barkas,Meevee,tbarkas6k@unicef.org,796-833-2199,298,95,8,,,,,Premium,28,$8302.87,$1782177.79
Residential,Dael Everwin,Ainyx,deverwin6m@myspace.com,414-257-8272,347,23,10,,,,,Excelium,15,$13023.40,$602376.51
Residential,Nickey Clothier,Browsedrive,nclothier6s@miitbeian.gov.cn,440-467-0055,103,51,3,,,,,Excelium,27,$14223.73,$289392.01
Residential,Kaiser Champley,Tagcat,kchampley6y@illinois.edu,228-901-4478,205,16,8,,,,,Excelium,10,$9997.72,$514230.85
Residential,Henderson Kohrding,Skipstorm,hkohrding70@independent.co.uk,805-622-5726,245,94,6,,,,,Excelium,24,$7697.92,$1127951.05
Residential,Clemens Garnsworthy,Skyble,cgarnsworthy74@sciencedirect.com,812-488-3477,88,54,2,,,,,Standard,25,$12037.27,$1636321.15
Residential,Erminia Treffrey,Zava,etreffrey75@abc.net.au,414-563-3990,102,72,4,,,,,Excelium,17,$7953.98,$1742291.61
Residential,Erina Millom,Edgetag,emillom76@java.com,709-460-5419,156,76,9,,,,,Excelium,4,$17768.39,$2221989.80
Residential,Kendra Brannan,Tagcat,kbrannan7e@hostgator.com,268-230-7312,80,92,6,,,,,Standard,1,$14953.97,$1490807.63
Residential,Marlena Ferrillo,Brainlounge,mferrillo7g@geocities.com,967-717-5111,301,54,10,,,,,Standard,22,$12515.69,$1994697.80
Residential,Lizabeth Gosart,Trudeo,lgosart7h@si.edu,109-359-4109,283,61,7,,,,,Standard,17,$9715.28,$845952.50
Residential,Reinald Bolzmann,Vipe,rbolzmann7i@elegantthemes.com,991-817-5067,201,3,1,,,,,Excelium,7,$11744.69,$1804693.40
Residential,Casi Illingworth,Photolist,cillingworth7v@goo.gl,656-330-0286,175,70,10,,,,,Premium,7,$14960.55,$1565375.27
Residential,Jonas Duffield,Zoombeat,jduffield7w@geocities.com,512-433-7435,203,8,10,,,,,Standard,9,$13283.14,$1053754.84
Residential,Cordy Parramore,Thoughtstorm,cparramore7y@alexa.com,159-867-3522,159,93,3,,,,,Excelium,22,$9214.98,$2300663.29
Residential,Evonne Hendrich,Chatterbridge,ehendrich83@reuters.com,632-793-6780,162,7,1,,,,,Premium,27,$15811.93,$431639.32
Residential,Meredith Linton,Bubbletube,mlinton89@live.com,616-380-3056,120,82,3,,,,,Premium,5,$13283.50,$460908.55
Residential,Corenda Halley,Gabtune,challey8n@lulu.com,167-438-9840,68,27,1,,,,,Excelium,14,$10282.48,$49083.09
Residential,Tyne Freeborne,Zoomcast,tfreeborne8r@go.com,924-612-0641,163,73,9,,,,,Excelium,26,$14852.80,$968617.92
Residential,Flss Smalman,Omba,fsmalman8t@free.fr,961-661-6997,186,46,6,,,,,Premium,9,$15607.58,$2141238.25
Residential,Maximo Osbaldeston,Midel,mosbaldeston8v@bloglovin.com,211-177-9263,78,63,10,,,,,Premium,21,$17856.07,$1415165.69
Residential,Cristian Verbrugghen,Skipfire,cverbrugghen8w@census.gov,572-248-8307,375,66,1,,,,,Premium,14,$7158.50,$112921.95
Residential,Jareb Gerrett,Shufflebeat,jgerrett8y@craigslist.org,905-394-8296,210,31,9,,,,,Excelium,29,$16899.91,$1480061.58
Residential,Wilma Moynihan,Yodoo,wmoynihan9d@godaddy.com,855-950-0414,26,64,4,,,,,Standard,28,$14560.97,$2309614.49
Residential,Vance Brecknock,Wordpedia,vbrecknock9n@mozilla.org,689-927-5844,269,72,10,,,,,Standard,15,$9133.33,$1085546.38
Residential,Ellswerth Caslane,Linkbridge,ecaslane9y@fema.gov,908-435-3797,276,84,5,,,,,Premium,4,$12961.27,$132433.48
Residential,Maris Casellas,Trudeo,mcasellasa0@google.it,958-310-4012,314,76,3,,,,,Excelium,4,$10291.24,$1493539.96
Residential,Wenda Braunfeld,Katz,wbraunfelda9@ycombinator.com,542-320-9902,128,73,7,,,,,Standard,5,$17438.70,$1619497.25
Residential,Fan Kenworthy,Jaxspan,fkenworthyah@umn.edu,227-631-4144,312,92,9,,,,,Standard,13,$9339.20,$612024.70
Residential,Nancey Spellacy,Flipbug,nspellacyan@smh.com.au,944-361-8545,322,69,7,,,,,Premium,4,$17146.18,$1948855.49
Residential,Paige Ruberry,Skipfire,pruberryaq@ox.ac.uk,187-502-7191,136,6,7,,,,,Standard,21,$16630.56,$1070395.47
Residential,Talyah Cawsy,Meemm,tcawsyb0@independent.co.uk,198-199-2208,206,22,3,,,,,Premium,16,$8360.28,$1038767.40
Residential,Darn Appleyard,Jabbersphere,dappleyardb2@studiopress.com,578-757-7456,387,19,8,,,,,Standard,19,$13126.62,$2197132.35
Residential,Maurene Gammade,Zoonoodle,mgammadeb4@issuu.com,188-382-6599,230,57,1,,,,,Excelium,20,$7051.77,$492722.94
Residential,Willis Woollin,Agivu,wwoollinbb@opensource.org,405-510-0192,107,45,10,,,,,Premium,8,$17461.95,$1577705.38
Residential,Boyd Eliesco,Vimbo,beliescobq@wunderground.com,262-553-4325,63,47,9,,,,,Excelium,21,$16983.82,$2316253.28
Residential,Pollyanna Sichardt,Skyble,psichardtbr@posterous.com,557-898-0541,90,17,8,,,,,Excelium,11,$12340.67,$666175.63
Residential,Lyssa Sallinger,Vinder,lsallingerbx@edublogs.org,870-828-1813,184,78,1,,,,,Standard,11,$8686.24,$1251502.04
Residential,Fionna Garvin,Riffwire,fgarvinc0@apple.com,327-850-6863,267,29,5,,,,,Standard,12,$10774.41,$2143529.71
Residential,Norton Feldbrin,Twimm,nfeldbrinc1@google.com.au,477-300-2383,104,17,3,,,,,Excelium,6,$7806.24,$1350438.52
Residential,Niel Panniers,Zoombeat,npanniersc6@goo.ne.jp,445-882-4024,316,75,7,,,,,Premium,7,$14120.73,$74108.82
Residential,Clary Dalglish,JumpXS,cdalglishc7@wsj.com,769-640-7927,113,23,6,,,,,Standard,18,$13134.39,$1073261.17
Residential,Sarena Camier,Oyonder,scamiercb@purevolume.com,936-993-4782,217,76,1,,,,,Standard,17,$7021.31,$983039.43
Residential,Carr Dionisii,Topicware,cdionisiicf@bluehost.com,118-879-8466,360,31,5,,,,,Excelium,19,$12199.53,$1217491.41
Residential,Tyrus Duny,Skynoodle,tdunyci@ovh.net,634-327-2855,97,34,6,,,,,Premium,2,$12803.26,$484979.10
Residential,Law Alleburton,Camido,lalleburtoncn@whitehouse.gov,288-314-2727,106,71,8,,,,,Standard,2,$12556.93,$984034.24
Residential,Lizzy Turbern,Avaveo,lturberncq@psu.edu,550-638-1517,39,56,4,,,,,Excelium,18,$8409.34,$1260635.31
Residential,Dedra Escoffier,Yoveo,descoffierd3@pcworld.com,928-582-8121,271,62,3,,,,,Premium,5,$7992.49,$519666.10
Residential,Ella Gapper,Gigaclub,egapperd5@goodreads.com,448-668-6884,388,59,9,,,,,Premium,20,$15058.63,$1343768.80
Residential,Raddie Braundt,Kwideo,rbraundtd9@cpanel.net,775-734-1196,171,96,6,,,,,Excelium,6,$8531.81,$1382886.34
Residential,Gran Emblem,Twinte,gemblemda@elpais.com,360-816-9169,338,4,10,,,,,Standard,7,$14835.11,$131346.65
Residential,Joyce Faveryear,Trunyx,jfaveryeardc@1688.com,986-958-1386,66,15,3,,,,,Standard,22,$16402.81,$801511.21
Residential,Trude Gircke,Rhybox,tgirckedk@geocities.com,195-678-0468,301,83,8,,,,,Excelium,2,$15416.44,$1198478.04
Residential,Cyndia Husset,Fiveclub,chussetdn@bandcamp.com,955-224-2680,189,65,10,,,,,Premium,25,$7346.21,$752154.97
Residential,Jewel Iremonger,Youopia,jiremongerdo@google.com.br,657-305-8543,318,27,3,,,,,Standard,18,$16900.92,$1463819.25
Residential,Niles Cunnah,Livetube,ncunnahdx@myspace.com,291-877-8749,373,21,1,,,,,Premium,29,$14621.50,$453579.19
Residential,Kaiser Tutt,Skiba,ktutte0@alibaba.com,503-820-3177,391,80,1,,,,,Standard,9,$14306.82,$1963901.25
Residential,Rochell Luney,Jabbersphere,rluneye1@creativecommons.org,924-651-3587,223,40,5,,,,,Excelium,26,$14916.85,$482387.36
Residential,Veronique Musla,Yodoo,vmuslae3@last.fm,383-243-0234,326,61,8,,,,,Standard,21,$9983.42,$1042900.67
Residential,Felisha Golling,Zoonoodle,fgollinge4@webnode.com,774-797-2871,327,40,8,,,,,Excelium,14,$13321.31,$662149.05
Residential,Terrell Hechlin,Topicshots,thechline6@tmall.com,456-560-7994,233,62,1,,,,,Premium,2,$11377.16,$1027714.42
Residential,Rik Cuchey,Skyndu,rcucheye8@yellowbook.com,405-992-1613,25,8,5,,,,,Standard,2,$10106.76,$474996.97
Residential,Giuditta Dongate,Wikibox,gdongateef@va.gov,150-591-3893,210,56,6,,,,,Standard,8,$11279.60,$372342.96
Residential,Boonie Woolston,Kazio,bwoolstonei@apache.org,743-685-9622,210,38,8,,,,,Premium,11,$12687.75,$1537884.44
Residential,Mirella Hanselmann,Browsebug,mhanselmannek@theguardian.com,705-503-7958,372,83,6,,,,,Standard,19,$14431.74,$572548.61
Residential,Blanche MacKeig,Innojam,bmackeigel@yahoo.com,948-410-8997,327,97,9,,,,,Premium,20,$10249.80,$1243626.40
Residential,Man Denzey,Yodoo,mdenzeyeu@cloudflare.com,327-422-2238,227,6,5,,,,,Standard,8,$11628.02,$794727.61
Residential,Clementine Kerfut,Pixoboo,ckerfutex@netscape.com,980-249-4274,395,41,5,,,,,Premium,17,$12315.94,$676682.86
Residential,Winifred McLevie,Latz,wmclevieey@cyberchimps.com,515-709-0143,334,34,3,,,,,Standard,3,$16898.25,$1128263.16
Residential,Fancie Domenc,Demivee,fdomencez@live.com,661-589-8630,123,41,3,,,,,Excelium,14,$17973.53,$948293.50
Residential,Tomasine Yakobovicz,Feedfish,tyakoboviczf0@over-blog.com,157-918-1703,133,94,6,,,,,Excelium,15,$17980.93,$1852742.72
Residential,D'arcy Zupa,Feednation,dzupaf2@photobucket.com,405-368-4690,318,35,1,,,,,Excelium,19,$15894.51,$219162.56
Residential,Karna Kinvig,Kwinu,kkinvigf3@nih.gov,957-544-8128,238,55,4,,,,,Standard,8,$7250.21,$1176260.13
Residential,Beverlie Nucci,Jayo,bnuccif5@networkadvertising.org,558-933-0158,36,58,10,,,,,Standard,7,$10235.13,$1883034.10
Residential,Lorette McKinney,Oyope,lmckinneyf8@hibu.com,843-331-5101,181,99,1,,,,,Premium,8,$15176.33,$1838544.71
Residential,Boone Ransbury,Dabvine,bransburyfg@rakuten.co.jp,970-354-4768,205,95,10,,,,,Excelium,26,$14196.45,$45984.77
Residential,Marianne Zapata,Flipstorm,mzapatafh@princeton.edu,827-394-6105,135,21,7,,,,,Excelium,3,$14108.11,$156608.62
Residential,Andre Ciccottini,Flipopia,aciccottinifi@bbb.org,205-373-9535,382,40,9,,,,,Excelium,9,$12395.11,$1260386.02
Residential,Theo Finey,Dabvine,tfineyfj@toplist.cz,209-542-5066,88,49,1,,,,,Excelium,21,$7418.44,$1481568.78
Residential,Misha Tamblingson,Meejo,mtamblingsonfp@wsj.com,288-581-0780,228,55,10,,,,,Premium,6,$8151.73,$296658.16
Residential,Melba Onraet,Feednation,monraetfq@people.com.cn,440-591-3660,343,63,5,,,,,Excelium,9,$10283.74,$1259357.84
Residential,Cherish Sneezum,Shufflester,csneezumft@columbia.edu,658-223-8693,233,31,5,,,,,Standard,5,$14672.53,$2041854.32
Residential,Micaela Lettuce,Skipfire,mlettucefu@jigsy.com,133-181-9234,79,36,3,,,,,Premium,11,$7001.42,$1580132.41
Residential,Erena Durber,Brightdog,edurberfv@hao123.com,384-892-1278,108,91,1,,,,,Excelium,6,$10506.70,$1125871.91
Residential,Vilhelmina Moyes,Photospace,vmoyesfz@woothemes.com,895-857-6218,369,98,5,,,,,Standard,8,$15252.09,$395945.70
Residential,Emmalee McGee,Jaxnation,emcgeeg8@globo.com,469-468-0705,371,61,2,,,,,Premium,3,$15378.98,$191996.23
Residential,Ly Arne,Feedspan,larnegd@ebay.com,767-625-3015,265,54,9,,,,,Premium,30,$8665.11,$2015276.82
Residential,Carlyn Brailsford,Fanoodle,cbrailsfordgs@rambler.ru,728-941-9919,68,47,4,,,,,Excelium,5,$13125.84,$2206953.55
Residential,Cyrillus Wagg,Npath,cwagggx@uiuc.edu,614-522-1912,292,95,9,,,,,Excelium,14,$15103.32,$1493281.57
Residential,Keriann Daintrey,Edgewire,kdaintreygz@smh.com.au,977-826-3656,103,25,3,,,,,Premium,7,$10647.02,$1180333.37
Residential,Rainer Tipperton,Youfeed,rtippertonh0@freewebs.com,506-885-0866,31,64,10,,,,,Standard,9,$9739.97,$1771190.20
Residential,Moll Lowcock,Zooxo,mlowcockh1@mozilla.org,138-595-5269,309,4,1,,,,,Excelium,26,$16852.59,$1346753.88
Residential,Far Partner,Abatz,fpartnerh4@thetimes.co.uk,943-772-8048,306,83,8,,,,,Premium,23,$12961.38,$1701946.69
Residential,Colver Schooley,Mymm,cschooleyh5@netscape.com,273-144-7276,90,41,8,,,,,Excelium,12,$17678.12,$2104377.46
Residential,Nap Lancaster,Flipbug,nlancasterhg@unicef.org,895-957-3861,329,79,10,,,,,Excelium,9,$13004.09,$511959.57
Residential,Eldredge Elder,Midel,eelderhh@moonfruit.com,671-302-1445,32,94,10,,,,,Excelium,9,$17834.35,$549843.15
Residential,Rivy Edbrooke,Muxo,redbrookehi@cornell.edu,148-830-7042,48,100,8,,,,,Premium,14,$15587.07,$1525969.59
Residential,Coleen Cawthry,Linkbridge,ccawthryhj@pcworld.com,741-169-3141,21,50,6,,,,,Standard,25,$15594.29,$68545.10
Residential,Una Fouch,Avamba,ufouchhp@themeforest.net,308-246-3654,138,60,5,,,,,Excelium,25,$7696.74,$1326041.56
Residential,Milty Paskin,Realfire,mpaskinht@house.gov,626-831-4776,76,3,4,,,,,Premium,13,$8409.52,$1571785.67
Residential,Cherye Machans,Midel,cmachanshv@meetup.com,282-713-0303,278,69,3,,,,,Excelium,8,$8695.81,$11697.05
Residential,Bobette Fantonetti,Topiczoom,bfantonettii0@tripadvisor.com,562-376-7759,23,52,10,,,,,Premium,1,$12190.47,$318342.78
Residential,Portie Pascow,Shufflebeat,ppascowi4@blogs.com,393-667-5790,180,35,1,,,,,Standard,23,$11005.64,$1554505.42
Residential,Dino Ismirnioglou,Jamia,dismirniogloui5@bing.com,802-388-2859,129,15,4,,,,,Excelium,9,$7813.63,$1436069.70
Residential,Guss Gencke,Skivee,ggenckei9@google.com.br,811-285-6739,275,89,7,,,,,Premium,13,$7673.27,$2154131.21
Residential,Sayres Shawdforth,Shuffletag,sshawdforthie@sphinn.com,859-101-8075,303,68,10,,,,,Excelium,12,$17080.96,$1847948.83
Residential,Lina Yakushkev,Katz,lyakushkevig@dropbox.com,412-515-5418,114,83,7,,,,,Excelium,24,$14954.67,$1242817.65
Residential,Lelia Cowell,Skidoo,lcowellik@ft.com,463-489-4636,172,17,2,,,,,Excelium,9,$10553.11,$1640065.68
Residential,Minna Smaling,Yotz,msmalingiq@ehow.com,918-793-2671,133,9,7,,,,,Premium,28,$7032.69,$1565688.22
Residential,Lammond Gillard,Roombo,lgillardir@virginia.edu,975-442-6929,227,6,6,,,,,Premium,4,$8219.02,$1572414.89
Residential,Ines Gillum,Chatterpoint,igillumis@jugem.jp,860-738-0895,251,4,5,,,,,Premium,3,$15314.72,$523148.86
Residential,Nico Stable,Dynabox,nstableiw@is.gd,804-863-6416,246,66,10,,,,,Premium,26,$15053.07,$1092537.47
Residential,Armstrong Skettles,Quimm,askettlesix@nymag.com,626-126-9891,315,31,4,,,,,Premium,20,$10946.36,$485414.19
Residential,Marcos Daily,Twitterbridge,mdailyj6@moonfruit.com,360-569-7750,327,11,5,,,,,Excelium,16,$13550.50,$1478654.16
Residential,Casi Rowell,Cogibox,crowellja@about.com,303-634-1316,48,73,1,,,,,Premium,11,$10623.42,$480372.55
Residential,Rozina Hubane,Skiptube,rhubanejd@smh.com.au,273-810-0787,232,36,2,,,,,Standard,11,$10979.14,$867733.32
Residential,Patricio Snufflebottom,Zoonoodle,psnufflebottomjh@mediafire.com,971-171-1200,356,50,6,,,,,Excelium,10,$9468.57,$371920.58
Residential,Kristos Crock,Eire,kcrockji@springer.com,891-968-8307,207,8,6,,,,,Premium,19,$10023.24,$1946227.64
Residential,Allene Alner,Pixoboo,aalnerjk@free.fr,511-779-7405,388,21,3,,,,,Premium,7,$11067.80,$436453.46
Residential,Doretta Dobbings,Meejo,ddobbingsjm@usgs.gov,813-520-8281,129,85,4,,,,,Premium,2,$13849.71,$365865.86
Residential,Merl Cisson,Rhynyx,mcissonjt@bigcartel.com,198-575-4367,109,48,6,,,,,Standard,11,$10341.67,$2154693.90
Residential,Riobard Symones,Mycat,rsymonesjv@independent.co.uk,778-578-9097,371,98,1,,,,,Premium,17,$14833.83,$1295564.24
Residential,Melli Pughe,Twitterlist,mpughejz@vkontakte.ru,890-906-8572,346,63,8,,,,,Standard,23,$10036.10,$367389.97
Residential,Lynnet Whilder,Yotz,lwhilderk1@go.com,904-249-7424,207,31,4,,,,,Standard,15,$14131.87,$1595291.10
Residential,Amargo Colecrough,Feedspan,acolecroughk5@utexas.edu,415-421-6477,326,53,7,,,,,Excelium,20,$17232.83,$1065908.64
Residential,Georgena Norheny,Roomm,gnorhenyk6@goo.gl,431-858-7261,107,75,6,,,,,Premium,19,$13167.69,$1025522.89
Residential,Janela Claughton,Bluejam,jclaughtonk9@delicious.com,113-412-3878,162,65,8,,,,,Premium,2,$16503.53,$736980.33
Residential,Maurene Eginton,Flipbug,megintonkb@csmonitor.com,778-814-2485,293,63,10,,,,,Excelium,13,$12850.46,$743620.99
Residential,Christina Brownhall,Tagpad,cbrownhallkc@homestead.com,694-928-4715,209,5,1,,,,,Standard,2,$13136.68,$1635244.43
Residential,Filbert Craw,Dabvine,fcrawkg@imgur.com,771-737-0223,379,39,6,,,,,Standard,6,$17218.33,$2150316.86
Residential,Ellerey Lindeboom,Browsezoom,elindeboomkj@soundcloud.com,371-752-2646,22,13,5,,,,,Premium,1,$9888.71,$1591351.68
Residential,Lonee Temblett,Jabbersphere,ltemblettko@economist.com,961-116-7209,33,60,1,,,,,Standard,14,$17719.87,$960462.16
Residential,Anthony Sitlington,Skaboo,asitlingtonks@tinypic.com,669-884-8958,44,92,9,,,,,Premium,15,$13973.03,$1031274.88
Residential,Jessie Statter,Buzzdog,jstatterlf@biblegateway.com,332-800-0635,216,42,3,,,,,Premium,8,$8091.72,$954504.83
Residential,Evelyn Craxford,Photojam,ecraxfordlh@forbes.com,828-451-9838,146,33,7,,,,,Premium,15,$11691.14,$1103330.80
Residential,Iseabal Wallman,Skippad,iwallmanlo@wiley.com,203-267-2490,191,96,1,,,,,Standard,13,$7544.66,$1358243.52
Residential,Ariela Pigny,Browsedrive,apignylp@stumbleupon.com,740-776-0686,117,29,2,,,,,Standard,14,$14022.13,$2009022.95
Residential,Ora Tretter,Vitz,otretterlv@networkadvertising.org,823-437-8833,212,100,4,,,,,Excelium,11,$11805.97,$312159.31
Residential,Willetta Simmonds,Geba,wsimmondslw@ovh.net,264-704-2375,233,73,6,,,,,Excelium,19,$11218.90,$1141547.08
Residential,Phylys Brendel,Voonyx,pbrendellx@hubpages.com,666-645-3831,138,5,2,,,,,Excelium,1,$17354.32,$637464.00
Hybrid,Chaunce Dadswell,Babbleopia,cdadswella@wp.com,568-135-5395,20,95,5,946,5,156,19,Standard,11,$7347.09,$1445931.00
Hybrid,Aaren Sheach,Tagcat,asheache@instagram.com,844-797-4418,382,5,2,91,18,59,20,Standard,3,$8445.26,$713807.15
Hybrid,Johnnie Perse,Cogidoo,jperseg@nhs.uk,720-945-2047,75,27,5,585,7,179,15,Premium,5,$7947.49,$1437301.32
Hybrid,Urson Freire,Oba,ufreirei@geocities.jp,759-645-2029,320,13,8,755,20,208,12,Standard,28,$14573.84,$1451128.17
Hybrid,Martynne Ollenbuttel,Jaloo,mollenbuttelk@nsw.gov.au,915-406-7000,212,38,2,223,14,144,9,Premium,24,$8328.82,$1377811.96
Hybrid,Gregorio Wadham,Katz,gwadhamp@xing.com,624-653-8118,167,56,1,848,8,61,10,Excelium,22,$12199.02,$844043.33
Hybrid,Shaun Heavens,Jaxworks,sheavens10@cbsnews.com,341-414-7353,350,38,8,571,11,170,9,Premium,6,$10370.24,$1417844.47
Hybrid,Justina Sivyour,Youfeed,jsivyour13@g.co,976-607-2829,379,72,3,143,16,256,8,Standard,15,$8189.49,$2146592.92
Hybrid,Wadsworth Aitkin,Zoombeat,waitkin14@utexas.edu,613-555-7192,279,9,4,119,18,72,8,Premium,13,$10332.82,$1755146.33
Hybrid,Velvet Fabbri,Brainbox,vfabbri17@cisco.com,990-920-7212,338,37,4,279,19,161,17,Standard,16,$11442.93,$91746.91
Hybrid,Alexandr Donett,Jaxworks,adonett1h@plala.or.jp,968-833-6364,229,62,10,187,5,65,20,Premium,1,$11609.78,$399972.05
Hybrid,Betsy Ormes,DabZ,bormes1k@fema.gov,316-373-8128,348,66,1,626,16,118,19,Premium,4,$8276.55,$1163938.29
Hybrid,Gilli Bradbrook,Meembee,gbradbrook1m@biglobe.ne.jp,522-560-1893,176,40,2,315,15,136,9,Standard,16,$16192.36,$49575.38
Hybrid,Roxy Rama,Mynte,rrama1q@blogger.com,260-374-8560,60,63,8,350,18,66,15,Excelium,19,$11443.77,$1768826.49
Hybrid,Ervin Chevolleau,Skiba,echevolleau1u@eepurl.com,701-899-5065,296,54,2,635,17,277,15,Standard,8,$8628.21,$2169978.37
Hybrid,Shanda Adamini,Meejo,sadamini1x@com.com,173-710-6350,277,53,5,989,9,183,17,Standard,10,$7615.59,$1225552.05
Hybrid,Tucker Radleigh,Chatterpoint,tradleigh23@sogou.com,884-440-6642,140,38,9,705,13,207,11,Excelium,26,$12735.54,$2022322.21
Hybrid,Gard Yedall,Tekfly,gyedall2b@time.com,351-440-1825,171,61,5,497,19,266,17,Excelium,1,$11410.49,$792096.91
Hybrid,Welby Van Ross,Agimba,wvan2c@cam.ac.uk,207-954-9054,64,55,5,252,7,138,10,Premium,26,$16965.96,$1068892.62
Hybrid,Rhodia Meace,Plajo,rmeace2e@youku.com,787-867-3004,127,25,5,325,9,78,21,Excelium,29,$11220.10,$1175180.23
Hybrid,Dalila Kearns,Rhyzio,dkearns2m@bandcamp.com,309-979-5313,229,47,5,116,18,101,20,Standard,18,$10376.73,$321357.80
Hybrid,Araldo Blindmann,Skyvu,ablindmann2p@1688.com,854-924-8570,95,13,9,846,5,80,9,Standard,23,$12505.87,$641207.65
Hybrid,Errick Harly,Jabbertype,eharly2q@ebay.co.uk,722-414-9740,67,48,4,435,17,125,24,Premium,13,$7310.57,$94476.15
Hybrid,Brose Ridde,Leexo,bridde30@intel.com,817-423-8202,122,65,8,314,19,297,15,Standard,10,$9354.33,$1243549.30
Hybrid,Ruby Wones,Yakijo,rwones31@technorati.com,245-735-8497,112,21,6,448,20,143,21,Premium,12,$8568.62,$1658822.65
Hybrid,Richart Kerrigan,Talane,rkerrigan32@g.co,472-553-5833,225,3,6,812,10,260,9,Standard,17,$7683.93,$85744.70
Hybrid,Buck Keymar,Dynazzy,bkeymar34@vk.com,838-440-5460,203,51,10,384,13,43,13,Excelium,5,$15917.13,$1680841.48
Hybrid,Harald Duerden,Kanoodle,hduerden36@ibm.com,365-591-6363,382,9,6,604,15,265,15,Excelium,17,$12219.69,$684457.41
Hybrid,Hebert Whiteford,Gabvine,hwhiteford37@stanford.edu,985-457-8228,219,41,9,998,15,220,10,Premium,11,$11769.00,$1359351.39
Hybrid,Ramon Marjot,Yabox,rmarjot3c@wisc.edu,151-965-8716,71,39,4,836,7,83,10,Premium,18,$17642.74,$1027929.32
Hybrid,Sheelah Dumbarton,Babbleopia,sdumbarton3d@nsw.gov.au,556-156-3389,304,74,6,119,16,181,23,Excelium,27,$13928.85,$1593194.87
Hybrid,Harwilll Covet,Topdrive,hcovet3j@loc.gov,756-949-0976,320,56,9,841,8,300,17,Standard,11,$12465.12,$1999571.80
Hybrid,Etheline Chalke,Photofeed,echalke3l@theglobeandmail.com,615-362-6386,163,67,3,253,18,169,23,Excelium,9,$8146.37,$1391935.10
Hybrid,Uriel Twallin,Brainlounge,utwallin3n@upenn.edu,919-707-8661,132,33,3,622,13,75,20,Excelium,26,$17016.77,$919007.06
Hybrid,Dela Fasse,Fadeo,dfasse3p@goo.gl,517-555-8178,123,25,7,160,6,137,13,Standard,5,$17604.44,$881153.45
Hybrid,Desi Tassaker,Linkbridge,dtassaker3r@deviantart.com,244-324-4968,275,48,2,793,9,108,23,Standard,14,$12705.67,$1550066.79
Hybrid,Elisabet Kimberly,Fadeo,ekimberly3u@europa.eu,665-763-6360,221,24,4,81,20,126,23,Excelium,19,$11972.33,$1644307.82
Hybrid,Pablo Gaffon,Blogtag,pgaffon40@sogou.com,874-702-7926,188,17,4,619,19,45,11,Premium,9,$8867.95,$1837562.90
Hybrid,Nicolina Frowing,Roombo,nfrowing47@wikia.com,252-459-0327,60,39,10,954,12,244,23,Excelium,7,$17768.36,$1326746.54
Hybrid,Silvana O'Tuohy,Shuffletag,sotuohy4e@usa.gov,739-197-7023,52,8,10,784,15,39,22,Standard,17,$16109.56,$2284884.26
Hybrid,Shayne Millican,Jaxspan,smillican4f@hao123.com,750-939-9180,147,79,4,183,13,261,16,Premium,20,$12472.96,$1973522.77
Hybrid,Mariele Keling,Skidoo,mkeling4h@opera.com,915-517-5228,106,69,4,460,15,30,17,Excelium,10,$14768.29,$503149.14
Hybrid,Jobie Haysar,Oba,jhaysar4o@abc.net.au,460-459-4692,253,5,1,47,14,112,11,Excelium,18,$8051.90,$604303.11
Hybrid,Gabi MacCartan,Meezzy,gmaccartan4q@cyberchimps.com,328-329-1689,342,15,10,83,7,230,12,Standard,19,$11447.95,$1991756.17
Hybrid,Putnam Bickerdike,Eazzy,pbickerdike4v@odnoklassniki.ru,988-124-0122,40,94,6,974,15,291,12,Premium,13,$13032.89,$945288.49
Hybrid,Erika Gross,Kwideo,egross4w@bbc.co.uk,684-741-5429,250,26,7,970,20,45,19,Premium,21,$10298.12,$384438.46
Hybrid,Thomasin Sawtell,Flipstorm,tsawtell51@symantec.com,139-373-1339,269,72,7,684,9,134,15,Excelium,4,$14414.59,$151895.93
Hybrid,Ranee Pinkney,Voomm,rpinkney55@theguardian.com,675-467-6122,317,4,8,889,11,95,15,Premium,29,$8219.43,$1622702.51
Hybrid,Carissa Loakes,Vinte,cloakes56@latimes.com,375-963-4177,390,79,3,536,5,256,11,Premium,12,$7217.57,$1998157.91
Hybrid,Page Bernhardt,Demivee,pbernhardt58@engadget.com,888-213-5102,155,20,4,380,5,128,16,Premium,9,$9049.42,$1066768.01
Hybrid,Jamey Edlyne,Meevee,jedlyne5h@cnn.com,363-491-0606,279,9,2,261,18,93,14,Excelium,12,$13542.95,$687389.43
Hybrid,Blondell Medcalfe,Trunyx,bmedcalfe5i@wufoo.com,266-615-8235,350,55,5,621,11,118,23,Standard,6,$10191.33,$658293.51
Hybrid,Conney Sterricker,Gigazoom,csterricker5l@tripod.com,352-315-1654,164,88,5,282,5,272,9,Premium,22,$15271.72,$43592.13
Hybrid,Galina Klampt,Wordware,gklampt5r@themeforest.net,506-576-2131,398,39,7,721,5,133,13,Standard,8,$7188.21,$1197863.42
Hybrid,Pietrek Klempke,Jabbersphere,pklempke5s@naver.com,173-524-5175,309,23,8,765,14,153,20,Premium,24,$9347.42,$817102.68
Hybrid,Early Chapiro,Voonix,echapiro5v@japanpost.jp,467-256-0022,192,65,9,435,6,299,8,Standard,12,$13870.81,$1731261.71
Hybrid,Nadine Blofeld,Topicshots,nblofeld64@java.com,595-857-6551,24,85,10,289,9,286,21,Excelium,15,$12745.24,$2090735.49
Hybrid,Vasily Drewitt,Eare,vdrewitt6e@usgs.gov,403-789-5703,206,40,2,820,19,43,24,Premium,26,$14198.86,$864131.12
Hybrid,Chase Yeowell,Feedfire,cyeowell6f@cisco.com,162-724-5204,262,41,2,944,8,192,13,Standard,17,$7573.14,$1143883.22
Hybrid,Elsbeth Shaw,Teklist,eshaw6g@nbcnews.com,786-782-9624,253,61,7,203,12,131,12,Premium,9,$11375.30,$60205.41
Hybrid,Tremayne Polland,Yozio,tpolland6h@multiply.com,716-690-2719,29,93,9,782,8,61,11,Excelium,12,$8988.28,$161408.74
Hybrid,Zilvia Causbey,Midel,zcausbey6l@xing.com,294-335-4815,172,3,10,703,6,180,8,Excelium,16,$9565.04,$1288389.21
Hybrid,Jaime Spurier,Voolia,jspurier6o@bravesites.com,420-754-1308,155,72,3,672,12,113,9,Excelium,14,$13125.06,$2103114.82
Hybrid,Basia Peele,Myworks,bpeele6r@weibo.com,312-951-9038,386,77,3,839,8,174,18,Premium,27,$8196.01,$1977752.35
Hybrid,Renato Prozescky,Skyvu,rprozescky6t@discuz.net,153-334-8827,293,32,5,614,8,64,15,Excelium,21,$8350.15,$1790035.71
Hybrid,Callean Holby,Aibox,cholby6v@soup.io,691-148-2338,285,67,6,372,11,45,24,Standard,9,$14634.81,$464998.41
Hybrid,Red Bourchier,Skipfire,rbourchier72@topsy.com,705-709-5580,260,91,7,86,8,51,17,Excelium,23,$11553.41,$364567.41
Hybrid,Jonis Hawksworth,Jetpulse,jhawksworth7c@huffingtonpost.com,869-522-8400,102,20,2,201,18,216,10,Excelium,17,$11523.78,$712729.48
Hybrid,Roz Kubas,Thoughtbridge,rkubas7d@liveinternet.ru,160-695-9995,377,4,10,424,6,144,16,Standard,16,$11149.19,$1469807.06
Hybrid,Libbey Beri,Voonder,lberi7f@is.gd,500-181-0872,166,8,3,13,16,112,16,Excelium,25,$13860.68,$88163.09
Hybrid,Dania Guest,Babbleopia,dguest7k@ibm.com,588-397-2674,305,40,5,988,6,265,10,Premium,27,$8063.44,$1941900.71
Hybrid,Becki Critcher,Oyope,bcritcher7l@addtoany.com,116-574-1285,222,100,6,266,15,165,12,Premium,23,$12560.04,$1669516.09
Hybrid,Davida Pymar,Jaxworks,dpymar7m@jimdo.com,792-602-1565,144,98,4,145,18,276,24,Excelium,30,$15830.14,$115511.71
Hybrid,Douglass Cicccitti,Gigashots,dcicccitti7o@networkadvertising.org,124-620-8925,300,52,8,461,12,144,21,Excelium,3,$17056.80,$2238377.12
Hybrid,Maiga Taunton,Jetpulse,mtaunton7s@ucsd.edu,190-142-7576,382,23,8,220,16,100,10,Standard,3,$16648.82,$151306.33
Hybrid,Peg Stigger,Rhynoodle,pstigger80@bing.com,632-359-9052,78,90,2,61,17,153,24,Standard,2,$7840.87,$1821229.03
Hybrid,Demeter Giroldo,Centizu,dgiroldo84@macromedia.com,894-190-0040,374,41,10,327,17,249,24,Premium,9,$17122.74,$886918.41
Hybrid,Basil Harrhy,Browsezoom,bharrhy86@comsenz.com,878-187-6462,250,30,7,360,5,95,14,Standard,7,$10478.67,$942923.28
Hybrid,Gawain Longland,Lazzy,glongland8a@bizjournals.com,847-938-5214,64,40,4,286,10,220,12,Excelium,2,$17864.15,$1302079.23
Hybrid,Bettina Dyble,Youfeed,bdyble8e@last.fm,322-709-5076,334,98,7,703,9,279,15,Excelium,3,$11483.38,$1215698.12
Hybrid,Lief Brittin,Yakitri,lbrittin8j@indiegogo.com,516-961-1760,305,53,4,723,7,278,8,Excelium,11,$10341.02,$2271906.37
Hybrid,Jason Bigglestone,Twimm,jbigglestone8p@columbia.edu,325-680-4089,58,36,5,39,11,42,13,Premium,21,$8297.42,$103406.46
Hybrid,Chrissie Swinnerton,Demizz,cswinnerton94@japanpost.jp,159-598-4369,319,14,8,61,7,206,18,Standard,11,$13911.69,$1081508.02
Hybrid,Brenda Ferriby,JumpXS,bferriby9c@reverbnation.com,696-129-5462,58,11,4,731,8,185,21,Excelium,16,$13007.23,$459934.53
Hybrid,Gilly Hards,Dazzlesphere,ghards9g@oaic.gov.au,113-700-7115,153,67,8,795,10,159,12,Standard,13,$16086.01,$769197.05
Hybrid,Rawley Gillogley,Yodoo,rgillogley9i@blogs.com,493-243-9657,179,80,5,308,5,244,20,Excelium,29,$16186.43,$1648996.92
Hybrid,Isabelle Cristofori,Zoozzy,icristofori9p@scientificamerican.com,954-173-7179,29,71,5,388,17,113,10,Standard,26,$15702.92,$1374004.81
Hybrid,Teddie Banker,Zoovu,tbanker9r@about.com,131-925-2745,121,19,9,606,8,272,23,Premium,7,$15583.69,$1188143.67
Hybrid,Moira Herculeson,Divanoodle,mherculeson9t@posterous.com,456-414-2890,328,16,6,948,11,230,23,Standard,4,$7644.22,$616569.26
Hybrid,Leland Stiles,Tagcat,lstiles9v@wsj.com,642-352-6897,145,32,2,823,11,95,21,Standard,26,$12716.40,$1151188.96
Hybrid,Irma Oliver,Skalith,iolivera1@ebay.com,820-589-1312,38,38,1,788,19,184,24,Excelium,20,$15003.75,$1178266.50
Hybrid,Derk Bows,Flipbug,dbowsa4@geocities.jp,347-390-4745,63,27,5,982,9,193,13,Premium,17,$16012.53,$2093348.66
Hybrid,Vladimir Hail,Trupe,vhaila8@addthis.com,369-278-9555,289,41,3,973,12,289,10,Excelium,7,$16895.19,$1740780.93
Hybrid,Butch Griffith,Npath,bgriffithad@networksolutions.com,210-474-4032,118,35,3,613,7,295,23,Excelium,27,$9187.56,$1693977.50
Hybrid,Elden Gullane,Mybuzz,egullaneaf@google.ca,256-744-2076,222,38,5,944,20,62,9,Premium,20,$10496.44,$882738.90
Hybrid,Way Nicolson,Tagcat,wnicolsonai@chronoengine.com,855-581-0586,109,68,1,329,13,103,16,Standard,1,$13651.45,$261383.61
Hybrid,Deborah Zannotelli,Leexo,dzannotelliaj@reddit.com,149-555-8614,88,96,8,146,8,177,8,Excelium,4,$14880.47,$2304614.15
Hybrid,Andres Dullaghan,Trudeo,adullaghanal@msu.edu,682-283-8987,128,3,2,895,15,165,17,Excelium,10,$11936.68,$683105.68
Hybrid,Evelina Wait,Tagopia,ewaitao@hao123.com,694-550-6955,305,67,10,18,10,99,9,Standard,24,$16111.62,$1914111.36
Hybrid,Helen Duffill,Katz,hduffillap@artisteer.com,204-948-8105,186,39,10,64,5,292,22,Premium,2,$16499.67,$609964.87
Hybrid,Jayne Loudian,Shuffletag,jloudianau@nationalgeographic.com,504-405-9625,320,34,2,102,12,264,22,Standard,10,$8465.33,$1840107.83
Hybrid,Gwendolyn Fotherby,Ainyx,gfotherbyax@pbs.org,379-752-2440,191,72,3,500,20,234,22,Premium,22,$12270.64,$462988.81
Hybrid,Noam Grammer,Kwinu,ngrammerb7@com.com,358-511-6798,239,73,2,193,8,123,22,Standard,17,$14723.58,$2162745.49
Hybrid,Rey Jendas,Katz,rjendasb8@huffingtonpost.com,308-410-5922,191,60,6,344,9,142,24,Excelium,20,$8609.00,$539322.38
Hybrid,Mildred Shee,Oodoo,msheeba@dagondesign.com,332-448-1642,46,100,1,339,15,45,11,Premium,19,$15303.27,$1576590.99
Hybrid,Quinn Bestiman,Devshare,qbestimanbc@vkontakte.ru,745-205-5276,131,88,8,341,7,224,11,Standard,4,$10226.10,$87491.44
Hybrid,Stace Ruddom,Topicshots,sruddombi@over-blog.com,768-425-5614,169,62,2,228,5,162,19,Standard,6,$14967.73,$1522611.13
Hybrid,Craig Tarver,Teklist,ctarverbk@flavors.me,337-861-0746,319,71,1,856,19,205,14,Standard,21,$10783.49,$490539.27
Hybrid,Frasquito Haggard,Divavu,fhaggardbu@wiley.com,265-395-1394,62,39,8,698,13,46,16,Premium,23,$14247.79,$2046063.91
Hybrid,Nicolle Tetley,Dabtype,ntetleybv@microsoft.com,814-654-4330,140,43,2,552,20,79,15,Excelium,16,$11165.90,$2112054.48
Hybrid,Fee Fenwick,Bubblemix,ffenwickc5@youtube.com,304-853-5408,305,15,8,975,9,156,20,Excelium,28,$17019.04,$549500.14
Hybrid,Atlanta Week,Kanoodle,aweekc9@wisc.edu,266-790-6470,327,25,10,153,14,77,15,Excelium,24,$10568.90,$2147304.07
Hybrid,Timi Dolohunty,Fanoodle,tdolohuntyce@technorati.com,971-314-0725,200,57,2,46,18,232,16,Standard,5,$11735.17,$256404.90
Hybrid,Amii Savins,Vimbo,asavinsch@vk.com,445-592-8226,270,37,10,573,17,186,18,Excelium,3,$15133.04,$240270.35
Hybrid,Gabie Warrener,Linktype,gwarrenerck@zimbio.com,356-947-3552,392,22,1,611,5,62,21,Standard,3,$16359.92,$2265791.71
Hybrid,Forbes Bencher,Youspan,fbenchercp@mac.com,941-419-5603,201,39,2,658,19,299,14,Excelium,8,$7171.54,$946167.26
Hybrid,Rayna Millard,Flashpoint,rmillardcr@stumbleupon.com,396-380-0677,42,36,5,511,16,189,9,Standard,10,$14838.21,$1380135.79
Hybrid,Drud Le Provost,Tavu,dlecs@chicagotribune.com,455-221-2687,240,46,7,243,14,34,15,Standard,28,$11925.83,$2072256.08
Hybrid,Delores Allsop,Jamia,dallsopct@icq.com,351-692-3108,375,65,8,72,9,210,19,Standard,1,$7305.29,$1565857.30
Hybrid,Abram Nickolls,Zoombox,anickollscx@php.net,912-493-2040,150,40,1,905,12,273,18,Excelium,22,$15240.90,$293046.99
Hybrid,Lucienne Macek,Browsebug,lmacekd0@bloglines.com,366-277-9247,275,51,9,637,9,278,9,Standard,28,$8098.48,$1621104.09
Hybrid,Seymour Matthiesen,Youfeed,smatthiesendd@go.com,794-147-3471,252,73,9,691,15,145,8,Premium,21,$7755.18,$762024.30
Hybrid,Shea Sumpter,Zooxo,ssumpterdf@scientificamerican.com,355-299-1377,365,12,8,286,17,246,23,Premium,8,$12538.48,$408508.69
Hybrid,Filberte Pods,Centidel,fpodsdg@cnet.com,342-692-9123,198,5,9,941,14,55,23,Excelium,12,$7499.69,$1912657.41
Hybrid,Karmen Bome,Babbleblab,kbomedv@wired.com,627-961-7085,394,34,3,342,6,107,9,Premium,1,$11246.09,$632964.51
Hybrid,Harv Vignaux,Browsebug,hvignauxdy@spiegel.de,501-511-5235,220,23,10,981,5,74,24,Standard,30,$13611.16,$10094.25
Hybrid,Dionisio Gyppes,Avamm,dgyppese5@clickbank.net,670-985-5788,37,53,1,924,7,229,13,Standard,20,$16594.81,$1160121.18
Hybrid,Hadleigh Antonowicz,Meevee,hantonowicze7@google.com.hk,113-782-0734,259,94,8,608,18,31,14,Premium,1,$14007.19,$1521179.76
Hybrid,Rora Stickel,Realcube,rstickelea@merriam-webster.com,898-237-4406,106,92,8,952,6,296,16,Premium,13,$10648.72,$429690.89
Hybrid,Karim Greaser,Youfeed,kgreaserec@comsenz.com,255-230-7956,155,82,9,868,7,85,8,Standard,6,$8878.08,$820489.57
Hybrid,Velma Bridgett,Wordpedia,vbridgetted@behance.net,926-342-4014,274,39,9,394,5,147,18,Excelium,7,$15961.16,$1657539.38
Hybrid,Timi Shenfisch,Babbleopia,tshenfischeg@yandex.ru,170-706-8688,20,34,10,190,5,186,16,Standard,22,$10864.51,$1455430.97
Hybrid,Carley Ollive,Gevee,colliveej@acquirethisname.com,157-395-1855,279,35,6,641,19,95,19,Standard,24,$16590.70,$731694.11
Hybrid,Norbie Hugonneau,Tagopia,nhugonneauep@google.ru,704-385-7622,117,81,3,399,12,236,18,Standard,1,$10108.67,$973565.18
Hybrid,Norina Brecknock,Mymm,nbrecknocker@example.com,622-631-7689,61,10,6,513,11,273,21,Premium,5,$13759.51,$863608.18
Hybrid,Nyssa Day,Miboo,ndayew@opera.com,704-802-5926,194,79,3,885,10,207,20,Premium,22,$16085.91,$267791.84
Hybrid,Collie Porcher,Browsedrive,cporcherf9@google.pl,995-235-4395,286,37,10,582,16,66,11,Excelium,21,$14151.59,$1394243.41
Hybrid,Alyson Camfield,Wikivu,acamfieldfa@goodreads.com,389-871-4282,51,6,8,382,10,87,15,Excelium,2,$10493.02,$1053034.95
Hybrid,Barnabe Plascott,Bluejam,bplascottfb@wordpress.org,499-282-3849,110,55,6,850,6,244,8,Premium,23,$9644.57,$1805492.02
Hybrid,Tate Hoffner,Divavu,thoffnerfd@cisco.com,631-692-9981,80,32,5,710,17,198,10,Premium,8,$17129.87,$1237117.14
Hybrid,Rodolfo Dyball,Kwideo,rdyballff@bbc.co.uk,561-295-5366,25,87,4,637,19,282,12,Premium,24,$14001.02,$778880.70
Hybrid,Pammy Le Fleming,Fliptune,plefo@youtu.be,631-524-5943,373,98,1,986,14,58,8,Standard,3,$8824.00,$1873152.18
Hybrid,Patsy Hurnell,Shuffledrive,phurnellfx@paypal.com,817-604-9772,331,42,3,253,17,156,20,Standard,27,$11395.59,$1660079.29
Hybrid,Bridie Rogister,Kwideo,brogisterg0@fda.gov,950-937-8361,303,66,3,472,15,229,19,Excelium,17,$8657.29,$392391.07
Hybrid,Emery Brinsford,Talane,ebrinsfordg1@cargocollective.com,581-917-3772,383,58,5,916,10,283,20,Excelium,20,$15472.27,$1840292.59
Hybrid,Allyson Curle,Twitterbeat,acurleg2@networksolutions.com,906-189-9279,138,38,9,533,19,104,14,Standard,15,$8705.01,$1491581.87
Hybrid,Brianne MacAfee,Agimba,bmacafeeg4@gmpg.org,182-660-1764,131,61,5,939,11,222,22,Excelium,16,$17125.22,$1502182.42
Hybrid,Axe Birdsall,Janyx,abirdsallg5@webmd.com,676-368-5582,213,48,3,646,18,153,22,Premium,15,$10933.91,$82035.79
Hybrid,Cecily Druce,Dazzlesphere,cdruceg6@is.gd,428-600-0836,106,33,9,108,8,133,9,Excelium,17,$12606.84,$417088.53
Hybrid,Cristian Catonnet,Mymm,ccatonnetga@harvard.edu,615-158-9776,193,15,5,937,10,109,10,Excelium,5,$8203.04,$925719.05
Hybrid,Adrea Newis,Trudoo,anewisgf@spotify.com,602-370-9384,39,24,7,614,7,263,19,Standard,17,$14203.33,$1822784.59
Hybrid,Hedda Piel,Zoonoodle,hpielgg@taobao.com,582-612-2846,163,77,7,44,5,63,12,Excelium,28,$10377.07,$850131.27
Hybrid,Fleming Dmych,Cogidoo,fdmychgn@acquirethisname.com,633-561-4716,174,31,5,645,10,174,11,Premium,2,$7347.59,$827371.63
Hybrid,Anitra Ravenhill,Tagfeed,aravenhillgq@baidu.com,869-252-2496,384,20,4,463,9,213,18,Standard,19,$12408.11,$1143531.09
Hybrid,Arleyne Netti,Demizz,anettigr@slideshare.net,105-557-6807,98,32,5,180,7,143,18,Standard,6,$9494.01,$904857.48
Hybrid,Sophia Vickors,Bubblebox,svickorsgt@tripod.com,659-415-4576,259,61,3,888,5,135,8,Standard,15,$16808.01,$504254.61
Hybrid,Lorilyn Ricciardelli,Jayo,lricciardelligv@fc2.com,805-486-3339,252,19,6,637,5,158,20,Excelium,20,$11357.79,$1239684.50
Hybrid,Jen Philipson,Trudoo,jphilipsongy@oakley.com,351-968-1170,148,33,10,639,14,269,11,Premium,20,$16119.77,$12843.96
Hybrid,Virgina Sharrier,Buzzshare,vsharrierh2@bbb.org,400-752-1735,255,94,4,723,8,135,9,Premium,21,$12701.59,$1391509.33
Hybrid,Wallis Handaside,Youtags,whandasideh7@altervista.org,194-549-4480,97,79,8,497,17,182,23,Excelium,2,$15049.08,$92153.54
Hybrid,Oralla Secker,Einti,oseckerha@ucoz.com,328-695-9958,368,33,4,363,14,288,10,Standard,16,$11504.24,$1724275.63
Hybrid,Cassie De Giorgio,Oozz,cdehb@msu.edu,948-301-4924,226,84,4,966,20,103,24,Excelium,29,$7382.73,$846725.35
Hybrid,Leonardo Mellon,Topiclounge,lmellonhc@blog.com,908-814-6498,272,55,8,393,17,72,23,Premium,17,$15776.10,$1244747.58
Hybrid,Salomi Brouwer,Bubblemix,sbrouwerhl@bbb.org,200-134-5759,295,3,1,692,14,156,11,Premium,3,$16272.20,$82132.10
Hybrid,Rorke Brandone,Youopia,rbrandoneho@about.me,654-790-5661,395,37,2,638,10,99,15,Standard,3,$17123.95,$47522.37
Hybrid,Parrnell Ivain,Fiveclub,pivainhu@redcross.org,464-501-8496,166,78,3,160,7,52,17,Premium,27,$10231.17,$133894.49
Hybrid,Ephraim Feeney,Pixoboo,efeeneyhy@gizmodo.com,757-450-9967,380,24,4,42,17,65,9,Standard,13,$14190.31,$1107674.26
Hybrid,Herschel Noen,Tekfly,hnoenih@ovh.net,431-805-6625,348,25,6,698,8,280,16,Premium,7,$16484.31,$1422635.06
Hybrid,Bonni McGooch,Meejo,bmcgoochil@sbwire.com,159-686-5411,198,53,7,512,7,282,22,Premium,1,$16717.02,$2042428.92
Hybrid,Jenifer VanBrugh,Skivee,jvanbrughiu@about.me,725-223-2352,94,12,7,806,11,49,9,Excelium,27,$10972.24,$990022.19
Hybrid,Fletcher Stodhart,Skipfire,fstodhartj2@reference.com,213-179-1966,92,82,2,822,5,118,22,Premium,16,$15806.24,$902304.55
Hybrid,Gaultiero Fetherstan,Demivee,gfetherstanj4@mlb.com,503-154-6421,148,8,8,176,8,285,9,Excelium,10,$7624.61,$902652.15
Hybrid,Nadeen Burns,Voolia,nburnsj5@webmd.com,911-652-7814,302,8,3,372,16,260,19,Excelium,19,$15191.05,$382137.93
Hybrid,Jaymee Kleinhandler,Kaymbo,jkleinhandlerj8@woothemes.com,661-814-3521,281,24,2,261,16,52,20,Standard,25,$11553.42,$2293927.54
Hybrid,Wyn Seden,Buzzshare,wsedenjc@unblog.fr,464-140-9652,368,67,7,836,14,74,19,Standard,10,$15233.64,$1592897.10
Hybrid,Addia Papen,Blogspan,apapenjg@weather.com,392-706-2662,265,7,10,78,11,70,17,Premium,23,$9388.75,$936382.24
Hybrid,Mitchael Skrine,Meevee,mskrinejo@squarespace.com,107-117-6334,358,76,2,365,7,43,15,Standard,2,$16992.36,$1085496.58
Hybrid,Stanton Creboe,Trunyx,screboejr@reference.com,536-573-3599,259,33,5,678,7,226,21,Excelium,20,$13827.95,$1773787.55
Hybrid,Margot Livett,Feedmix,mlivettju@rediff.com,814-965-1719,181,15,4,244,18,60,21,Standard,28,$14207.08,$264971.83
Hybrid,Eleanora Edmed,Innojam,eedmedjx@liveinternet.ru,216-297-5108,144,24,10,134,13,240,17,Standard,26,$14523.84,$2264977.24
Hybrid,Cicely Duddell,Photobug,cduddellk0@instagram.com,836-476-0784,203,58,5,420,6,87,11,Premium,20,$13866.24,$100341.78
Hybrid,Anetta Lednor,Gevee,alednork8@biglobe.ne.jp,377-693-3105,193,79,9,92,5,233,8,Premium,6,$17741.47,$2027087.08
Hybrid,Noam McShea,Twitterbeat,nmcsheakd@clickbank.net,771-846-8990,311,13,2,330,19,167,15,Premium,15,$14096.64,$1880154.39
Hybrid,Velma Dimbylow,Photospace,vdimbylowkf@wikipedia.org,367-994-4973,364,74,8,395,20,161,16,Standard,9,$9466.75,$1295703.42
Hybrid,Kiley Chaudhry,Zoomdog,kchaudhrykh@uiuc.edu,338-554-8103,198,85,10,980,18,217,16,Premium,27,$16040.73,$115892.05
Hybrid,Flem Sneezem,Lajo,fsneezemkn@cyberchimps.com,152-420-3918,58,89,4,712,8,126,21,Standard,25,$10957.79,$1212236.56
Hybrid,Edi Tibbetts,Snaptags,etibbettskr@nps.gov,542-897-5578,304,10,6,372,10,281,19,Excelium,19,$13185.69,$40317.00
Hybrid,Lucilia Jamme,Youtags,ljammekv@latimes.com,309-194-6036,102,16,6,525,11,246,18,Standard,13,$8197.24,$1841277.10
Hybrid,Doralia MacIntosh,Edgepulse,dmacintoshkw@ning.com,347-704-6025,372,86,2,733,18,244,12,Excelium,3,$13842.16,$367282.12
Hybrid,Dalenna Ubsdall,Youfeed,dubsdallky@globo.com,216-824-9751,217,16,4,223,15,84,8,Premium,5,$14455.22,$1121385.52
Hybrid,Petrina Stampe,Brainverse,pstampekz@wufoo.com,680-393-1444,69,36,5,513,19,245,17,Premium,20,$15051.22,$1840373.02
Hybrid,Essie Schlagtmans,Oyoloo,eschlagtmansl1@spiegel.de,474-128-0220,140,55,9,663,11,82,20,Excelium,13,$12643.16,$1321298.53
Hybrid,Storm Garci,Photojam,sgarcild@yahoo.co.jp,245-861-3026,45,72,6,259,10,117,8,Excelium,18,$13760.29,$930502.79
Hybrid,Rosetta Seary,Rhynyx,rsearyle@wufoo.com,714-283-4752,44,30,5,216,5,120,13,Premium,11,$9829.91,$1224499.07
Hybrid,Darnall Dawby,Quaxo,ddawbylg@arstechnica.com,372-249-3353,172,82,5,878,11,67,17,Excelium,2,$13890.29,$2075079.03
Hybrid,Hill Astupenas,JumpXS,hastupenaslm@ebay.com,618-743-2882,33,8,6,613,5,68,9,Excelium,11,$13463.70,$978996.50
Hybrid,Meghan Marvin,Thoughtstorm,mmarvinlt@wikipedia.org,596-426-1952,255,26,7,189,5,192,23,Premium,13,$14029.11,$2322714.35
Hybrid,Ardis Andersen,Nlounge,aandersenm0@ask.com,281-731-1593,49,42,5,522,9,93,11,Excelium,25,$10284.47,$892993.22
Hybrid,Gayelord Garnall,Flashspan,ggarnallm2@virginia.edu,288-464-1490,207,74,3,140,19,298,20,Standard,28,$14765.49,$253045.99
Hybrid,Anastassia Latham,Fivechat,alathamm5@over-blog.com,127-495-3313,214,90,9,372,18,182,19,Premium,23,$13550.65,$562731.83
Hybrid,Shell Taggert,Vitz,staggertm7@canalblog.com,538-960-9805,258,49,3,759,12,194,12,Premium,22,$16057.58,$2122934.90
Corporate,Lionello Congdon,Muxo,lcongdon1@ted.com,704-998-8316,123,92,8,957,6,170,,Premium,4,$16121.25,$1022504.69
Corporate,Halli Morgen,Feedbug,hmorgen2@hao123.com,453-387-8007,146,31,4,675,20,79,,Excelium,26,$15894.92,$1539452.76
Corporate,Alexandros Georgeou,Oyoba,ageorgeou4@g.co,754-320-4446,20,97,3,877,15,193,,Excelium,5,$7316.31,$2112851.12
Corporate,Pierson Philipeau,Eidel,pphilipeau6@goo.ne.jp,634-961-7889,137,28,6,644,16,33,,Excelium,13,$7040.12,$1918557.30
Corporate,Lavena McCullouch,Thoughtstorm,lmccullouchb@163.com,913-615-6241,344,44,3,218,13,242,,Standard,29,$16386.15,$444996.03
Corporate,Maxi Feander,Kanoodle,mfeanderh@state.gov,947-623-4154,95,12,7,736,20,198,,Standard,13,$11407.62,$883635.45
Corporate,Jerrie Naseby,Skilith,jnasebym@noaa.gov,103-122-5486,235,98,3,720,8,93,,Excelium,27,$12460.23,$210350.43
Corporate,Adiana Licence,Twitterwire,alicencer@msu.edu,432-786-3939,389,26,2,170,16,69,,Standard,1,$8528.69,$921369.67
Corporate,Mellicent Lawday,Voonder,mlawdays@springer.com,777-124-6567,353,93,6,973,15,100,,Excelium,19,$17188.11,$1365342.50
Corporate,Tallulah Fidgin,Quimm,tfidginw@cmu.edu,645-390-8311,278,64,1,823,6,278,,Premium,11,$14737.79,$1568536.85
Corporate,Jerri Tinniswood,Gabtype,jtinniswood12@msu.edu,576-543-5309,276,72,10,276,7,124,,Premium,10,$7399.24,$1618532.45
Corporate,Rosa Fidian,Podcat,rfidian15@gnu.org,957-913-9119,330,39,8,860,6,141,,Standard,24,$12643.18,$1776782.57
Corporate,Josephine Boldison,Camimbo,jboldison18@example.com,856-538-2094,93,52,10,835,10,71,,Standard,6,$7012.59,$246617.85
Corporate,Eartha Twiggins,Quatz,etwiggins1a@omniture.com,367-368-7640,290,37,10,103,13,177,,Standard,15,$8625.44,$166142.72
Corporate,Zack Fish,Lazz,zfish1c@marriott.com,843-770-6257,245,40,8,980,17,100,,Excelium,17,$10750.52,$1877200.93
Corporate,Clarine Savell,Devbug,csavell1d@comsenz.com,164-357-7466,166,34,9,182,20,218,,Standard,14,$10332.21,$2224179.90
Corporate,Evania Card,Gigazoom,ecard1g@oracle.com,612-542-7249,153,7,5,795,7,108,,Standard,2,$15753.15,$1142768.35
Corporate,Fred Antal,Ainyx,fantal1i@w3.org,897-990-7604,192,99,3,457,10,127,,Premium,6,$11188.46,$765599.77
Corporate,Perri Norvel,Fivechat,pnorvel1l@multiply.com,103-468-7760,400,94,1,850,11,258,,Premium,2,$16856.70,$435026.26
Corporate,Murray Limbourne,Tagopia,mlimbourne1s@cbc.ca,241-862-9719,116,41,6,884,7,207,,Excelium,14,$10851.48,$818613.95
Corporate,Cyndie Peaurt,Aimbo,cpeaurt1t@nhs.uk,958-189-2494,306,96,1,531,14,148,,Excelium,30,$8121.19,$717939.75
Corporate,Sukey Vango,Quinu,svango1y@patch.com,544-635-2969,153,42,2,697,19,206,,Excelium,29,$16551.44,$2132000.40
Corporate,Tandie Gladyer,Flipstorm,tgladyer1z@yolasite.com,727-316-4562,28,52,5,410,18,267,,Premium,6,$9103.47,$79378.76
Corporate,Gertrud Duetsche,Devpulse,gduetsche20@google.co.uk,942-351-3729,24,49,8,221,7,84,,Premium,17,$11888.67,$468354.58
Corporate,Prue Di Matteo,Jabbersphere,pdi21@forbes.com,175-780-5706,247,33,3,554,6,160,,Standard,29,$17672.80,$2102947.56
Corporate,Saul Tissiman,Meembee,stissiman22@blogger.com,682-319-4302,149,58,7,921,13,66,,Standard,1,$17428.49,$678931.45
Corporate,Ivy Wombwell,Photospace,iwombwell25@latimes.com,521-833-4999,217,89,2,643,16,182,,Premium,23,$9217.73,$583563.87
Corporate,Chastity Cunnell,Kazu,ccunnell29@zdnet.com,223-381-6039,164,12,1,571,19,216,,Premium,23,$11610.30,$1191170.10
Corporate,Vivyan Dowdell,Dabfeed,vdowdell2a@arizona.edu,131-954-1499,359,12,6,583,20,278,,Excelium,12,$11026.05,$1394506.25
Corporate,Coraline Murley,Bluezoom,cmurley2d@japanpost.jp,638-222-7521,53,19,3,993,10,259,,Excelium,17,$17634.89,$1473550.97
Corporate,Rochell O'Corr,Edgewire,rocorr2j@nyu.edu,293-267-5050,287,41,3,623,20,116,,Premium,24,$11966.76,$2173102.09
Corporate,Analiese McKag,Abata,amckag2k@twitpic.com,729-211-9163,232,77,3,381,6,51,,Premium,15,$14190.89,$1950043.77
Corporate,Maddie Blofeld,Gabtype,mblofeld2s@bbc.co.uk,372-797-4995,301,55,8,700,19,219,,Excelium,27,$8784.08,$71523.72
Corporate,Zsazsa Filshin,Skippad,zfilshin2u@gov.uk,302-279-9919,32,88,5,518,12,219,,Premium,8,$13303.42,$1022670.16
Corporate,Ava Burkinshaw,Voolith,aburkinshaw2z@webnode.com,829-806-8862,30,4,9,865,19,103,,Premium,1,$16947.39,$1963020.68
Corporate,Adrianne Iacivelli,Meevee,aiacivelli38@creativecommons.org,617-965-5087,120,19,7,494,16,230,,Premium,10,$14051.06,$2208065.65
Corporate,Malinde Crossdale,Aimbu,mcrossdale3b@surveymonkey.com,480-245-7404,396,70,6,870,17,173,,Standard,9,$13142.49,$848506.88
Corporate,Katie Roseburgh,Feedfish,kroseburgh3g@spiegel.de,725-471-8201,362,29,9,835,8,153,,Standard,5,$10393.61,$683212.01
Corporate,Dusty Melpuss,Trupe,dmelpuss3m@examiner.com,362-667-6691,195,89,1,650,15,44,,Premium,18,$16192.20,$1849206.51
Corporate,Morena Le Pine,Ailane,mle3w@adobe.com,332-957-3240,333,67,5,963,14,220,,Excelium,23,$8049.14,$1269125.23
Corporate,Julissa O'Hegertie,Edgewire,johegertie3x@digg.com,588-608-8196,357,51,7,673,13,189,,Premium,13,$7879.02,$1703162.40
Corporate,Barrett Shalcras,Browsezoom,bshalcras3y@blogspot.com,934-332-5843,323,54,5,536,9,81,,Premium,16,$13766.20,$807373.82
Corporate,Eustace Yielding,Geba,eyielding43@mlb.com,478-891-3982,395,5,8,571,11,242,,Excelium,11,$9728.83,$1672902.10
Corporate,Zorana Leamon,Oloo,zleamon46@who.int,371-893-5699,116,35,10,983,8,219,,Excelium,19,$13173.25,$1004441.81
Corporate,Isaiah Bazire,Jatri,ibazire48@lycos.com,639-254-4232,62,13,1,166,8,261,,Standard,27,$15655.72,$394988.44
Corporate,Shirleen Karlsen,Quire,skarlsen4b@amazonaws.com,401-793-3149,194,57,10,631,9,186,,Premium,22,$12814.68,$915911.87
Corporate,Dacie Mcwhinnie,Skalith,dmcwhinnie4c@economist.com,550-134-2727,307,87,1,658,10,262,,Excelium,26,$15791.47,$2130503.39
Corporate,Ken Orthmann,Blognation,korthmann4d@hp.com,328-292-2747,385,54,10,183,13,173,,Standard,29,$10790.43,$1565618.45
Corporate,Dagmar Pagitt,Jabberstorm,dpagitt4g@howstuffworks.com,649-594-6113,192,51,9,760,11,262,,Premium,10,$8005.63,$156785.96
Corporate,Joelynn Thurber,Devify,jthurber4i@google.com.hk,111-295-9153,306,73,2,433,19,218,,Premium,28,$17674.48,$1176524.41
Corporate,Rhianna Aliberti,Edgeclub,raliberti4j@forbes.com,520-577-3463,249,11,9,107,16,191,,Excelium,10,$8234.28,$2203245.35
Corporate,Ginelle Sanchiz,Rhycero,gsanchiz4n@cornell.edu,261-318-4422,158,21,8,662,20,74,,Premium,11,$16535.13,$517400.73
Corporate,Sharline Gerbl,Voomm,sgerbl4p@salon.com,865-557-8510,110,88,2,831,19,163,,Premium,5,$17374.98,$1520890.01
Corporate,Melita Giddins,Fliptune,mgiddins4r@about.com,928-653-2043,355,38,2,489,13,289,,Excelium,2,$17450.42,$1067260.99
Corporate,Rhianon Preskett,Yakidoo,rpreskett4u@guardian.co.uk,966-971-8647,44,86,9,28,5,174,,Premium,14,$17747.54,$681851.79
Corporate,Susi Kender,Eabox,skender50@barnesandnoble.com,987-438-6076,41,56,2,314,10,200,,Premium,9,$10823.88,$1854403.14
Corporate,Aristotle Carlill,Wikido,acarlill53@army.mil,401-841-6732,318,41,8,742,9,99,,Excelium,20,$11265.33,$764871.73
Corporate,Rachele Castagnasso,Devcast,rcastagnasso59@deliciousdays.com,968-127-7990,164,81,2,969,5,167,,Standard,3,$15814.54,$1889942.13
Corporate,Ennis Enstone,Brainlounge,eenstone5a@yahoo.co.jp,517-500-7398,279,8,9,24,5,193,,Excelium,30,$7923.90,$1417294.16
Corporate,Frederik Metherell,Avamba,fmetherell5b@adobe.com,474-378-1807,168,38,4,778,9,157,,Excelium,9,$11477.24,$470327.35
Corporate,Roarke Hauxley,Jaxspan,rhauxley5c@weibo.com,297-998-7493,22,24,1,250,10,73,,Standard,17,$15009.04,$1972762.97
Corporate,Pierette McCulley,Twitterbridge,pmcculley5e@de.vu,252-567-0213,32,35,2,320,9,228,,Standard,8,$16290.73,$1861793.50
Corporate,Nathanial Twelvetree,Linkbridge,ntwelvetree5f@howstuffworks.com,664-244-1040,24,82,3,408,20,75,,Premium,26,$15320.97,$1911525.32
Corporate,Mikkel Congrave,Youbridge,mcongrave5k@fastcompany.com,712-775-3635,76,78,9,728,10,241,,Standard,14,$9378.98,$1379204.55
Corporate,Glynda Pyrah,Twitterworks,gpyrah5m@epa.gov,244-645-3645,31,10,5,922,5,133,,Premium,21,$8994.12,$231279.39
Corporate,Bibi Greenhill,Skiptube,bgreenhill5u@g.co,163-432-2907,47,16,2,17,20,277,,Standard,18,$16986.56,$1072554.53
Corporate,Gilli Dougill,Tazz,gdougill62@nationalgeographic.com,382-959-7983,245,30,4,955,14,187,,Standard,9,$15655.42,$668460.67
Corporate,Pammi Burgett,Divape,pburgett63@examiner.com,484-379-1815,90,35,9,964,6,264,,Standard,26,$14783.81,$1868546.32
Corporate,Lisabeth Gatman,Bluezoom,lgatman67@yelp.com,253-372-3565,305,34,3,198,14,104,,Standard,2,$7718.48,$1667144.33
Corporate,Violette Pibsworth,Zazio,vpibsworth68@tripadvisor.com,556-205-1772,69,84,8,200,18,107,,Premium,1,$17030.62,$1236424.02
Corporate,Abelard Durling,Feedfish,adurling69@arizona.edu,737-849-5070,203,36,8,611,10,259,,Standard,14,$12874.15,$1782852.31
Corporate,Zedekiah Mitchard,Skibox,zmitchard6b@google.it,266-780-2459,73,66,3,863,19,50,,Standard,14,$17604.11,$2182139.92
Corporate,Sibyl Raynham,Buzzster,sraynham6n@scientificamerican.com,974-978-5945,82,70,10,254,10,167,,Excelium,10,$16765.68,$1143239.85
Corporate,Andrea Kelle,Eayo,akelle6p@wunderground.com,353-132-0921,397,35,5,260,17,177,,Premium,16,$16774.55,$308551.19
Corporate,Alexandrina Edgell,Thoughtstorm,aedgell6x@vistaprint.com,461-796-9612,388,73,3,31,19,256,,Excelium,29,$11377.54,$1939484.71
Corporate,Thornie Kesby,Tazz,tkesby71@lycos.com,677-947-2356,392,17,5,315,10,109,,Premium,20,$12928.89,$1394159.14
Corporate,Persis Mease,Jaxbean,pmease73@ucla.edu,758-528-3317,348,70,8,579,15,204,,Standard,11,$13357.71,$2042280.22
Corporate,Melina Stiff,Yakitri,mstiff77@soundcloud.com,280-714-4871,311,6,1,35,7,299,,Excelium,19,$10431.41,$772989.61
Corporate,Becka Tungate,Zoomcast,btungate78@squarespace.com,382-889-7953,383,98,2,368,8,170,,Standard,2,$14305.68,$158619.88
Corporate,Vilhelmina Jealous,Quamba,vjealous7a@deviantart.com,279-938-4066,150,68,4,132,9,272,,Standard,10,$9759.38,$1710544.21
Corporate,Maud Braidley,Brainlounge,mbraidley7b@umn.edu,689-196-2374,97,45,2,987,9,30,,Premium,19,$7164.97,$1316886.95
Corporate,Adler Matic,Blogpad,amatic7j@google.com.br,399-980-1100,193,38,9,578,9,205,,Standard,30,$11265.01,$332273.00
Corporate,Francklyn Lambal,Layo,flambal7n@ow.ly,969-525-4341,36,26,7,84,19,87,,Premium,26,$16163.80,$1996390.54
Corporate,Harlin Watmough,Digitube,hwatmough7r@abc.net.au,147-353-8748,334,45,3,481,11,293,,Standard,11,$11103.12,$1077272.77
Corporate,Tabbie Ivantyev,Gigaclub,tivantyev7t@lycos.com,783-925-0182,95,96,7,662,11,131,,Standard,23,$15038.09,$919811.89
Corporate,Dwain Potell,Oozz,dpotell7z@163.com,818-422-4439,118,12,5,900,6,148,,Standard,12,$15473.14,$1274757.06
Corporate,Purcell Baude,Npath,pbaude82@surveymonkey.com,860-101-6709,55,48,10,896,14,243,,Standard,1,$7947.28,$1727631.60
Corporate,Rutter Downgate,Zazio,rdowngate85@posterous.com,663-677-0709,225,49,1,671,17,188,,Premium,25,$7401.00,$1159859.31
Corporate,Clerissa Flancinbaum,Linktype,cflancinbaum87@zimbio.com,624-415-2412,81,92,4,967,18,255,,Standard,1,$13107.88,$2014525.63
Corporate,Darcy Bartkiewicz,Mymm,dbartkiewicz88@answers.com,327-637-5627,234,36,10,484,12,201,,Premium,28,$17179.33,$675158.47
Corporate,Kerwin Croutear,Latz,kcroutear8d@flickr.com,870-447-2843,256,62,2,128,9,86,,Standard,6,$15203.43,$1549217.75
Corporate,Gabbi Kiddle,Dabtype,gkiddle8f@163.com,563-553-8255,30,39,7,218,10,283,,Premium,5,$14227.53,$2128154.61
Corporate,Arda Hearsey,Lazzy,ahearsey8g@fema.gov,333-157-3606,345,85,10,562,14,143,,Premium,16,$10968.97,$2330410.68
Corporate,Amberly Caddock,Dabtype,acaddock8i@newsvine.com,443-570-2261,337,44,1,27,16,205,,Premium,22,$8181.51,$422083.24
Corporate,Augy Assel,Trilia,aassel8l@hugedomains.com,691-188-3484,219,63,2,124,19,94,,Standard,10,$14883.67,$1363122.58
Corporate,Hervey Rowter,Rhycero,hrowter8m@clickbank.net,816-823-6740,274,32,3,435,8,140,,Excelium,6,$14809.26,$1078260.86
Corporate,Justina Howle,Blogtags,jhowle8u@quantcast.com,104-402-0054,158,51,10,409,7,266,,Excelium,16,$15173.80,$94592.16
Corporate,Kerrill Pankhurst.,Zoonder,kpankhurst8z@umn.edu,370-891-6811,353,65,5,437,13,240,,Standard,21,$11454.30,$1627822.50
Corporate,Erik O' Driscoll,Skimia,eo93@studiopress.com,840-337-1765,311,7,5,399,10,143,,Standard,10,$10504.12,$1517250.50
Corporate,Viviana Hargess,Skimia,vhargess95@hugedomains.com,697-310-7845,138,11,3,256,16,69,,Standard,4,$10012.56,$367362.74
Corporate,Isaiah Lestrange,Trilith,ilestrange98@meetup.com,528-165-2679,39,61,5,535,10,118,,Standard,2,$13305.71,$1519023.53
Corporate,Louis Yerborn,Rhyzio,lyerborn9b@about.me,981-130-4159,205,15,4,542,8,244,,Excelium,27,$17029.11,$1715204.58
Corporate,Kahlil Harnott,Wordpedia,kharnott9e@amazonaws.com,922-312-8128,64,33,10,446,19,136,,Premium,23,$9360.53,$2128238.31
Corporate,Elvira Gurnay,Dabvine,egurnay9f@wix.com,128-836-8952,138,61,10,926,19,84,,Standard,11,$14627.23,$1157879.72
Corporate,Cristobal Cunradi,Tagchat,ccunradi9k@nba.com,661-336-5891,63,56,1,544,9,179,,Standard,24,$14052.32,$2187362.34
Corporate,Francyne Haggerstone,Trudoo,fhaggerstone9l@mit.edu,535-714-6350,151,20,3,51,11,126,,Standard,10,$8594.20,$1991050.01
Corporate,Catriona Housegoe,Eayo,chousegoe9q@goo.gl,722-363-9429,218,99,5,250,9,37,,Excelium,14,$17368.24,$1770630.23
Corporate,Oralia Garforth,Camimbo,ogarforth9u@google.nl,579-640-3115,269,74,1,756,13,71,,Standard,6,$9001.32,$1345885.89
Corporate,Ynes Silburn,Skippad,ysilburn9z@comsenz.com,644-962-3516,204,22,6,363,5,40,,Premium,15,$7683.85,$283642.32
Corporate,Charlie Tanguy,Camimbo,ctanguyaa@clickbank.net,146-464-6135,91,36,10,482,5,142,,Premium,20,$14977.97,$843423.54
Corporate,Tadeas Fuidge,Quimba,tfuidgeab@uol.com.br,359-657-8566,42,43,9,352,17,242,,Premium,26,$8242.06,$835410.92
Corporate,Calla Smitheman,Oloo,csmithemanaw@microsoft.com,191-797-8403,285,41,7,892,17,200,,Premium,28,$16796.06,$647469.55
Corporate,Pacorro Carlet,Blognation,pcarletaz@biglobe.ne.jp,554-853-1839,195,51,9,158,5,72,,Premium,21,$11133.93,$1710448.56
Corporate,Jan Chadd,Topiclounge,jchaddb1@oaic.gov.au,197-936-0256,255,59,3,599,18,70,,Premium,1,$7977.90,$1379845.15
Corporate,Kirk Sweetland,Kwimbee,ksweetlandb5@microsoft.com,352-982-8430,279,49,9,826,20,62,,Premium,18,$12758.11,$551897.72
Corporate,Gilles Panton,Skajo,gpantonbd@theglobeandmail.com,611-642-6609,243,60,3,340,8,57,,Excelium,10,$7764.95,$754260.90
Corporate,Lana Croxon,Trilith,lcroxonbe@nba.com,762-500-5809,166,25,2,694,19,205,,Standard,17,$14679.66,$1776546.65
Corporate,Wells Deely,Yodoo,wdeelybf@ucla.edu,119-544-1152,32,63,9,539,14,239,,Standard,26,$11512.33,$2327364.26
Corporate,Clemmie Turfrey,Wordify,cturfreybh@engadget.com,341-267-2902,207,40,9,802,11,194,,Standard,2,$8788.25,$1374635.05
Corporate,Araldo Seedull,Tanoodle,aseedullbm@wordpress.com,771-784-4553,177,56,5,266,17,294,,Premium,3,$7542.45,$2015886.15
Corporate,Callean Kybird,Dabshots,ckybirdbn@reference.com,827-405-6905,59,25,2,768,11,108,,Excelium,16,$12417.58,$1253471.51
Corporate,Isac Fakeley,Demimbu,ifakeleybp@devhub.com,777-396-8961,385,66,10,811,17,169,,Excelium,1,$15739.03,$953571.22
Corporate,Bobette Lomasna,Skilith,blomasnabt@netscape.com,649-133-0155,191,39,3,768,16,71,,Excelium,23,$12398.89,$454082.70
Corporate,Erin Minshaw,Zooveo,eminshawby@lulu.com,357-466-0751,234,47,10,696,8,234,,Standard,24,$10540.22,$829153.85
Corporate,Fredericka Hasnip,Wordify,fhasnipbz@dion.ne.jp,508-119-8288,373,90,2,255,18,168,,Premium,6,$12694.59,$1558902.61
Corporate,Valeda Fanthom,Mynte,vfanthomc3@facebook.com,349-949-9930,280,23,9,600,10,219,,Standard,26,$12299.16,$1581680.97
Corporate,Cad Harwood,Mita,charwoodc4@friendfeed.com,460-946-6353,299,40,8,440,12,235,,Premium,21,$14570.55,$1323014.87
Corporate,Jojo Aughton,Topiczoom,jaughtonca@cpanel.net,578-843-1618,137,98,3,144,19,50,,Premium,29,$14252.56,$883331.82
Corporate,Vergil Sirey,Ozu,vsireycc@shutterfly.com,978-631-1591,163,35,3,966,8,236,,Excelium,15,$8475.28,$1700730.31
Corporate,Dacy Sibbald,Miboo,dsibbaldcd@issuu.com,482-186-9906,316,99,4,15,5,181,,Standard,14,$9497.69,$1644141.91
Corporate,Glory De Brett,Leexo,gdecg@discovery.com,397-690-1018,290,10,3,839,16,148,,Standard,27,$10475.00,$12233.41
Corporate,Dillon Davenall,Meejo,ddavenallcm@dyndns.org,360-838-9354,360,50,8,539,14,157,,Standard,6,$14425.66,$326757.68
Corporate,Herta Splevins,Browsecat,hsplevinsco@engadget.com,704-215-9958,326,81,3,966,13,272,,Standard,13,$11653.71,$318545.92
Corporate,Gaultiero Gladdish,Topicware,ggladdishcu@aol.com,334-600-5336,130,38,7,217,11,152,,Excelium,17,$13031.32,$59108.65
Corporate,Row Dunkerton,Jaxbean,rdunkertoncv@over-blog.com,202-750-0375,57,88,5,518,20,69,,Excelium,10,$10382.23,$1233855.80
Corporate,Godwin Tritton,Thoughtblab,gtrittoncy@mtv.com,407-588-9991,155,38,6,575,12,148,,Premium,27,$13467.27,$951362.45
Corporate,Phoebe Blatchford,Miboo,pblatchfordd7@timesonline.co.uk,417-137-7982,252,28,7,121,14,190,,Premium,10,$12076.35,$1858798.79
Corporate,Stefano Lascelles,Thoughtblab,slascellesdh@webmd.com,675-901-6057,331,25,5,545,19,51,,Premium,10,$12115.64,$686546.63
Corporate,Bennett Sexon,Yotz,bsexondj@cnet.com,149-572-2726,153,58,8,42,16,236,,Standard,7,$16249.81,$1935770.67
Corporate,Lorrie Cattemull,Zoomzone,lcattemulldl@a8.net,484-409-4137,246,22,4,62,9,222,,Standard,7,$17890.84,$341791.57
Corporate,Chaddy Rollins,Riffpath,crollinsdr@apache.org,774-838-9383,186,81,6,608,9,250,,Excelium,25,$17227.89,$1483603.45
Corporate,Sara-ann Tunuy,Feedmix,stunuyds@edublogs.org,781-914-8599,257,82,4,901,11,210,,Premium,29,$13360.20,$936215.27
Corporate,Ree Janjic,Lajo,rjanjicdt@stanford.edu,210-882-8612,165,3,5,954,6,37,,Excelium,11,$11762.31,$1520235.77
Corporate,Natty Matuszyk,Feedmix,nmatuszyke2@hao123.com,289-210-4700,37,48,8,37,19,154,,Premium,9,$14496.66,$1874605.09
Corporate,Sol Denman,Tavu,sdenmaneb@google.nl,763-704-4753,222,58,9,422,12,200,,Excelium,25,$13403.27,$559067.56
Corporate,Peta Liddiatt,Zoovu,pliddiattee@ebay.com,530-553-3652,104,62,7,183,5,183,,Premium,19,$15625.78,$530211.04
Corporate,Annadiana Soule,Avamba,asouleeo@delicious.com,663-803-0207,231,62,6,804,10,265,,Premium,19,$15027.56,$1747266.27
Corporate,Pauly Dael,Divanoodle,pdaeleq@hud.gov,210-959-1495,52,74,2,528,8,193,,Premium,21,$10011.71,$1239372.06
Corporate,Lucho Hulance,Cogibox,lhulancees@miibeian.gov.cn,478-149-5175,268,13,1,228,15,260,,Standard,16,$17069.86,$800307.52
Corporate,Flor Motten,Myworks,fmottenet@dailymotion.com,374-582-2298,162,99,1,918,13,154,,Premium,14,$17445.36,$1052718.64
Corporate,Gina Dri,Gabspot,gdriev@yellowbook.com,967-795-2138,235,35,10,177,16,170,,Excelium,30,$12555.23,$2124856.79
Corporate,Tedi Briggdale,Tagpad,tbriggdalef6@sciencedirect.com,254-776-6543,261,56,2,817,11,188,,Standard,20,$7873.85,$230410.07
Corporate,Christen Degoey,Zoonder,cdegoeyf7@pbs.org,292-798-1269,147,90,3,344,18,35,,Premium,3,$10485.36,$1343191.49
Corporate,Lorna Wyndham,Latz,lwyndhamfe@xrea.com,491-744-4946,84,22,4,270,20,60,,Excelium,3,$9805.82,$2284365.88
Corporate,Jean Boays,Fivebridge,jboaysfk@imgur.com,709-690-8376,171,39,3,714,9,137,,Premium,30,$13805.57,$1864609.47
Corporate,Reider Von Helmholtz,Youtags,rvonfl@google.co.uk,533-721-5214,180,85,5,451,17,80,,Excelium,3,$15053.72,$1719149.84
Corporate,Ruttger Heddan,Zoonoodle,rheddanfm@loc.gov,597-990-5142,119,27,4,488,13,167,,Premium,25,$13691.81,$1035881.95
Corporate,Ermanno Wardhaw,Rhybox,ewardhawfs@wufoo.com,446-816-3632,37,90,10,593,15,87,,Standard,2,$16405.38,$2299078.39
Corporate,Liza Walisiak,Yambee,lwalisiakgb@oracle.com,933-462-1254,26,3,1,196,12,211,,Premium,22,$11578.88,$537986.56
Corporate,Lettie McEntee,Avamba,lmcenteegc@telegraph.co.uk,718-903-5172,185,29,2,228,6,120,,Premium,7,$10532.75,$977954.48
Corporate,Leesa O'Duggan,Centimia,loduggange@wix.com,613-800-1287,99,11,3,823,12,166,,Standard,13,$14300.53,$1332267.16
Corporate,Guilbert Danter,Youfeed,gdantergh@hibu.com,609-331-4151,147,77,8,1000,10,69,,Premium,29,$15171.40,$1057012.60
Corporate,Vern Monnery,Kwideo,vmonnerygi@yelp.com,158-181-7396,72,76,2,206,12,223,,Standard,13,$13234.44,$1773190.75
Corporate,Adrianna Puller,Divape,apullergl@pagesperso-orange.fr,763-565-3065,221,15,6,114,7,174,,Standard,22,$17612.63,$1023845.38
Corporate,Emmott Zelner,Oyondu,ezelnergm@sogou.com,682-869-9201,252,53,7,923,20,144,,Premium,30,$16441.03,$2300405.90
Corporate,Andrej Jillard,Cogidoo,ajillardgo@webs.com,247-720-3469,26,32,4,477,12,94,,Premium,13,$10854.16,$215246.05
Corporate,Pierette Kenney,Wikido,pkenneyh8@wikia.com,616-890-5681,289,76,1,783,13,242,,Excelium,10,$15334.68,$318626.82
Corporate,Lee Calrow,Twimm,lcalrowh9@arstechnica.com,109-117-0717,51,46,9,115,15,53,,Standard,30,$15162.95,$391696.38
Corporate,Gawain Mainwaring,Brainbox,gmainwaringhf@marketwatch.com,169-650-0378,217,14,7,120,13,279,,Premium,28,$13521.36,$1083039.20
Corporate,Major Cary,Oyoba,mcaryhm@squarespace.com,402-915-5998,56,77,10,962,13,134,,Excelium,7,$11629.38,$399071.67
Corporate,Debee Ransley,Vitz,dransleyhr@livejournal.com,200-812-9994,102,39,1,285,18,105,,Premium,4,$17692.64,$1248966.36
Corporate,Gianina Marston,Twitterbeat,gmarstonhz@list-manage.com,853-840-0139,181,46,3,67,8,89,,Standard,16,$12394.44,$1988866.50
Corporate,Diena Truswell,Voonyx,dtruswelli3@army.mil,918-812-6897,344,23,10,1000,9,215,,Standard,10,$8144.79,$1882294.64
Corporate,Elora Capsey,Skalith,ecapseyi6@imdb.com,260-711-0941,288,19,7,849,6,135,,Premium,6,$16530.41,$1924316.36
Corporate,Brandi Biglin,Dabshots,bbiglini7@marriott.com,684-526-3795,277,10,10,164,15,268,,Premium,15,$16016.84,$1338574.07
Corporate,Rosina Bilton,DabZ,rbiltonib@discuz.net,790-811-6480,340,43,3,789,20,179,,Premium,24,$7179.79,$360484.45
Corporate,Sharia Trump,Eidel,strumpic@mapy.cz,593-413-5201,69,69,3,794,20,263,,Premium,28,$12473.92,$2258114.21
Corporate,Irving Matushenko,Twitterlist,imatushenkoif@globo.com,885-233-0264,136,15,7,138,18,41,,Premium,2,$8717.74,$1179404.86
Corporate,Liane Burdikin,Babbleset,lburdikinij@tuttocitta.it,991-429-7750,381,99,6,992,5,261,,Excelium,6,$14854.58,$1402356.42
Corporate,Mylo Catlin,Eare,mcatlinim@alexa.com,759-609-4978,58,82,10,62,14,212,,Premium,14,$9687.10,$2051167.33
Corporate,Lilllie Goodbody,Topiclounge,lgoodbodyip@walmart.com,231-166-4371,57,71,4,425,20,264,,Premium,2,$12656.71,$2093227.01
Corporate,Marney Wilds,Shuffledrive,mwildsje@nasa.gov,343-741-9296,327,80,4,369,11,128,,Excelium,10,$17295.69,$846829.57
Corporate,Danyette Hatton,Wordtune,dhattonjf@woothemes.com,786-910-6286,353,23,9,236,19,216,,Excelium,3,$17793.01,$771999.33
Corporate,Chiquita Bleakman,Vimbo,cbleakmanjl@zdnet.com,226-815-1823,258,62,5,684,17,300,,Standard,6,$7863.88,$1271251.84
Corporate,Ansley Summersby,Zoovu,asummersbyk4@ehow.com,390-580-3019,103,88,1,624,14,229,,Excelium,25,$15564.10,$1864780.22
Corporate,Tadeo Hebborne,Fivespan,thebbornekk@mapy.cz,767-447-5927,59,75,6,436,7,37,,Standard,3,$9765.43,$163094.60
Corporate,Dael Geaveny,Mudo,dgeavenykl@google.co.uk,567-929-3674,329,57,2,198,13,285,,Standard,22,$12815.71,$470040.95
Corporate,Gail Vaughn,Ntag,gvaughnkp@kickstarter.com,461-156-9473,335,36,4,459,17,70,,Standard,6,$14126.75,$286850.45
Corporate,Broddy Masdin,Thoughtblab,bmasdinku@prlog.org,174-420-6847,369,9,9,193,18,190,,Excelium,2,$15792.38,$1919560.63
Corporate,Augustus Hatliffe,Brainverse,ahatliffekx@npr.org,864-580-9265,37,98,4,856,20,193,,Premium,25,$11101.47,$1715335.49
Corporate,Berthe Gyurko,Twitterlist,bgyurkol2@hibu.com,780-262-0493,215,21,10,176,17,62,,Standard,24,$16855.45,$321777.25
Corporate,Waiter Gainsbury,Edgepulse,wgainsburyl6@multiply.com,205-817-1727,161,15,10,532,16,66,,Excelium,28,$14268.00,$1002974.92
Corporate,Ivar Szwarc,Blogtag,iszwarcl7@google.com,626-245-1921,92,35,5,757,8,115,,Standard,20,$17844.55,$1787904.64
Corporate,Arda Basek,Quinu,abasekl8@google.com.hk,198-771-2627,373,43,10,612,9,163,,Excelium,23,$16365.47,$368449.86
Corporate,Marie-ann Amberson,Tagpad,mambersonlk@telegraph.co.uk,307-585-2692,313,54,6,164,5,250,,Standard,21,$8998.91,$2193681.76
Corporate,Jaine Gunderson,Photofeed,jgundersonln@deliciousdays.com,920-764-9809,24,24,5,649,16,49,,Standard,5,$11624.86,$1838529.57
Corporate,Silvana Plevey,Meemm,spleveyls@tiny.cc,883-850-2701,192,50,2,307,18,261,,Excelium,26,$16002.25,$1572838.65
Corporate,Domini Breen,Realmix,dbreenm1@intel.com,683-767-6666,58,83,6,142,12,291,,Premium,18,$17212.64,$636181.49
Corporate,Alano Blinckhorne,Devpulse,ablinckhornem3@yellowpages.com,155-495-8947,138,51,4,292,18,112,,Standard,20,$7930.17,$1959952.35
Commercial,Fredericka Karlolak,Centimia,fkarlolak3@surveymonkey.com,480-984-8195,258,54,2,137,10,,,Standard,26,$8180.49,$1623059.31
Commercial,Sallyanne David,Skaboo,sdavid7@rakuten.co.jp,766-687-0696,232,86,1,618,9,,,Standard,4,$16418.22,$1495073.38
Commercial,Cari Dunstall,Vidoo,cdunstall8@deviantart.com,636-405-8100,124,27,4,383,10,,,Standard,29,$9712.67,$1003752.47
Commercial,Tomas Sebrook,Tagchat,tsebrook9@pinterest.com,333-130-5076,280,94,3,596,8,,,Premium,3,$17845.80,$602701.26
Commercial,Vick Kiddy,Skalith,vkiddyf@who.int,658-424-2801,79,67,10,339,5,,,Excelium,4,$9775.44,$305150.13
Commercial,Urbanus Circuitt,Kwilith,ucircuittx@oracle.com,175-302-5910,178,29,7,97,20,,,Premium,20,$17945.38,$2188945.49
Commercial,Bond Lauderdale,Chatterbridge,blauderdale11@amazonaws.com,910-560-3654,221,80,7,174,17,,,Standard,3,$10013.92,$2278404.29
Commercial,Randolph Cranke,Wikizz,rcranke16@examiner.com,367-931-5189,24,21,4,411,5,,,Standard,17,$11271.91,$2215126.46
Commercial,Clark Wreakes,Mudo,cwreakes19@accuweather.com,865-923-7635,270,46,10,629,8,,,Standard,4,$9167.54,$1026278.64
Commercial,Theresita Muat,Skidoo,tmuat1b@goo.gl,115-489-7614,257,97,10,481,20,,,Standard,19,$7218.94,$2153172.08
Commercial,Jaquelyn Etchells,Buzzbean,jetchells1f@blogspot.com,405-639-8465,284,76,4,633,10,,,Excelium,12,$16828.28,$1995321.69
Commercial,Julee Fadell,Skinder,jfadell1j@hexun.com,122-378-9778,299,3,3,218,15,,,Standard,2,$12333.45,$719409.41
Commercial,Alessandro Canto,Dabtype,acanto1o@barnesandnoble.com,396-636-1772,146,79,5,907,9,,,Excelium,28,$11962.62,$1726828.28
Commercial,Catherine Busfield,Centizu,cbusfield1v@plala.or.jp,948-308-1247,381,93,4,685,13,,,Excelium,10,$16962.10,$316793.85
Commercial,Gabbey MacCard,Camimbo,gmaccard1w@cnn.com,195-679-2080,313,72,2,792,10,,,Excelium,18,$13693.76,$1410822.42
Commercial,Isiahi Addis,Flipopia,iaddis26@squidoo.com,894-415-2628,360,3,10,82,9,,,Excelium,14,$15450.93,$791248.11
Commercial,Jesselyn Kield,Mycat,jkield27@seesaa.net,726-392-5697,85,96,3,603,16,,,Premium,10,$10683.57,$2032769.20
Commercial,Sabra Dyter,Gevee,sdyter28@1688.com,853-568-9755,264,82,9,278,9,,,Standard,14,$11538.45,$1796342.03
Commercial,Anet Deverill,Bubblebox,adeverill2f@indiegogo.com,552-102-4079,45,30,7,653,11,,,Standard,25,$15270.59,$479863.66
Commercial,Happy Dunkerley,Devbug,hdunkerley2g@flavors.me,583-837-1652,233,19,9,432,6,,,Premium,5,$9550.60,$192166.62
Commercial,Neala Trenholm,Youspan,ntrenholm2l@ovh.net,433-713-1058,296,94,2,727,14,,,Premium,2,$12425.91,$1797814.97
Commercial,Jaclin Linger,Avaveo,jlinger2r@dion.ne.jp,590-744-6568,251,31,10,60,6,,,Standard,23,$12970.87,$687759.86
Commercial,Donovan Echlin,Quire,dechlin2w@toplist.cz,158-324-0954,82,19,7,119,8,,,Excelium,27,$8290.05,$2085043.93
Commercial,Annissa Pietrowski,Photobean,apietrowski35@drupal.org,532-209-9328,279,90,4,554,10,,,Standard,14,$14973.04,$826044.32
Commercial,Benjamin Shambrook,Eare,bshambrook39@jigsy.com,805-430-6038,57,50,1,836,8,,,Excelium,23,$11076.05,$1602651.95
Commercial,Nisse Yendle,Pixoboo,nyendle3f@google.com.au,420-321-0966,246,84,10,792,10,,,Premium,27,$7275.87,$1240116.40
Commercial,Teresita Kohneke,Dazzlesphere,tkohneke3h@nydailynews.com,103-169-7099,196,86,4,974,10,,,Excelium,24,$13742.93,$2118170.58
Commercial,Sarine Metham,Dynabox,smetham3i@exblog.jp,256-654-8621,380,89,6,713,10,,,Premium,9,$13330.06,$1052734.35
Commercial,Drew Bulch,Oozz,dbulch3k@prlog.org,202-446-6392,245,49,4,186,16,,,Premium,3,$11317.64,$1410536.35
Commercial,De Carlan,Skinder,dcarlan3q@usa.gov,101-503-6581,193,24,9,348,11,,,Premium,1,$10952.76,$424169.64
Commercial,Nicki Labern,Skilith,nlabern3s@goodreads.com,420-656-1196,243,54,9,581,14,,,Excelium,25,$13885.96,$1242113.53
Commercial,Marleah Baston,Centidel,mbaston41@cyberchimps.com,344-105-0890,312,59,8,855,10,,,Excelium,4,$13766.96,$1296372.55
Commercial,Vina Whittles,Fivespan,vwhittles42@archive.org,740-658-0528,313,7,1,942,9,,,Premium,26,$7336.55,$545020.48
Commercial,Killie Nern,Rhyloo,knern4a@miibeian.gov.cn,765-272-5037,157,46,7,390,15,,,Premium,20,$11890.70,$420353.84
Commercial,Dominik Aberdeen,Gigashots,daberdeen4l@netvibes.com,573-874-5530,328,35,9,870,18,,,Excelium,17,$16304.37,$1122205.82
Commercial,Freeland Chaff,Livetube,fchaff4m@ovh.net,870-854-9246,142,14,10,910,11,,,Premium,16,$11278.49,$230480.38
Commercial,Yolanda Manlow,Zoomdog,ymanlow4x@fc2.com,363-635-3566,183,30,4,932,19,,,Excelium,4,$12708.37,$2164730.25
Commercial,Dan Urwen,Yamia,durwen4y@xing.com,678-872-8819,99,53,9,583,19,,,Standard,5,$16024.24,$653759.59
Commercial,Carilyn Glaisner,Zoomcast,cglaisner54@who.int,113-473-2156,123,57,4,430,11,,,Premium,19,$12451.80,$688966.57
Commercial,Ogden Adriaan,Flipopia,oadriaan57@yahoo.com,182-411-6996,162,18,3,749,13,,,Premium,25,$13942.99,$1014230.81
Commercial,Evangelina Tapply,Linkbuzz,etapply5d@cyberchimps.com,888-801-8224,251,42,10,359,7,,,Standard,6,$16740.67,$43998.53
Commercial,Velvet Dabell,Fanoodle,vdabell5g@cdbaby.com,726-306-4459,342,47,10,373,9,,,Standard,6,$16511.96,$844645.45
Commercial,Baillie Gittis,Dynazzy,bgittis5j@posterous.com,125-459-7364,78,53,8,876,14,,,Standard,27,$13807.61,$1475501.24
Commercial,Laird Sherar,Realfire,lsherar5q@sbwire.com,177-677-3471,212,26,3,473,13,,,Excelium,9,$15123.42,$786242.77
Commercial,Shauna Tarpey,Izio,starpey5t@irs.gov,741-881-4670,335,14,10,619,6,,,Standard,17,$11851.96,$1572983.23
Commercial,Cordey Riolfo,Feednation,criolfo5w@globo.com,663-864-1674,280,9,3,739,10,,,Premium,30,$14040.56,$1016362.82
Commercial,Ediva Ainsley,Livetube,eainsley5x@noaa.gov,837-476-7967,174,11,8,537,6,,,Premium,7,$11971.16,$417568.75
Commercial,Bat Keesman,Rhynyx,bkeesman5y@dropbox.com,998-777-6016,122,68,1,108,16,,,Premium,9,$13934.96,$967873.01
Commercial,Tracey Ivashnyov,Zoombeat,tivashnyov5z@usa.gov,667-155-2482,370,15,9,938,20,,,Standard,13,$7107.01,$1201997.41
Commercial,Phillis Meneo,Flashspan,pmeneo61@scribd.com,607-255-5410,139,42,3,625,13,,,Standard,2,$15514.24,$493538.63
Commercial,Bruno Kyteley,Dynabox,bkyteley66@chronoengine.com,616-879-3650,76,10,8,755,5,,,Premium,13,$9168.21,$916795.21
Commercial,Red Dall,Brainsphere,rdall6a@pagesperso-orange.fr,296-757-3598,385,18,2,383,5,,,Premium,1,$9680.76,$1798124.26
Commercial,Ettie Adriano,Shufflester,eadriano6c@hexun.com,987-717-5217,183,51,8,611,18,,,Standard,14,$13528.65,$822235.88
Commercial,Marys Jeens,Quamba,mjeens6i@t-online.de,639-666-6848,321,9,4,451,7,,,Standard,17,$16639.22,$2304706.13
Commercial,Jim Bertolin,Dabfeed,jbertolin6q@uiuc.edu,152-195-7342,25,20,6,641,8,,,Excelium,1,$17640.56,$645704.31
Commercial,Glynda Perrygo,Flashpoint,gperrygo6u@netscape.com,947-471-5303,269,75,6,394,10,,,Premium,27,$14364.17,$2293699.15
Commercial,Wilbert Braham,Devify,wbraham6w@salon.com,723-202-5822,141,14,10,66,9,,,Premium,15,$12192.94,$130281.68
Commercial,Cally Wain,Youspan,cwain6z@bing.com,761-569-3218,317,69,9,21,10,,,Standard,7,$15913.31,$2026692.53
Commercial,Demetre Hymas,Topiclounge,dhymas79@shinystat.com,268-209-4701,64,8,4,235,16,,,Premium,13,$16531.25,$967270.60
Commercial,Hagan Chooter,Aimbu,hchooter7p@photobucket.com,471-986-3226,346,24,8,799,20,,,Premium,15,$10996.22,$2247591.58
Commercial,Jobyna Hollingsby,Shufflester,jhollingsby7q@oaic.gov.au,399-273-5756,38,91,10,284,20,,,Standard,2,$12730.02,$1860313.76
Commercial,Giselle Sisse,Janyx,gsisse7u@cbslocal.com,449-877-3159,172,83,6,858,13,,,Excelium,27,$17156.86,$1487685.77
Commercial,Rafaelia Stebbings,Thoughtstorm,rstebbings7x@stumbleupon.com,355-870-4241,191,88,9,512,14,,,Excelium,4,$16522.66,$919422.11
Commercial,Major Chesley,Mydo,mchesley81@dailymotion.com,210-606-6182,181,86,9,368,20,,,Premium,20,$15433.62,$904122.84
Commercial,Farr Huertas,Lajo,fhuertas8b@mozilla.org,935-958-8912,223,7,3,370,6,,,Premium,22,$17373.21,$1366890.39
Commercial,Marcille O'Longain,Wordify,molongain8c@globo.com,195-438-8767,218,73,1,314,18,,,Excelium,8,$7123.30,$93591.53
Commercial,Allan Leishman,Skalith,aleishman8h@gmpg.org,522-765-3751,46,20,6,733,20,,,Excelium,17,$7061.23,$1109163.48
Commercial,Dominick Howsley,DabZ,dhowsley8k@examiner.com,743-820-1462,383,92,1,361,13,,,Premium,10,$17343.23,$1913146.65
Commercial,Brigit Hazelton,Wordify,bhazelton8o@mtv.com,355-524-9970,37,42,3,578,14,,,Premium,13,$14396.01,$794978.10
Commercial,Evonne Divall,Fatz,edivall8q@artisteer.com,627-840-3741,33,11,4,953,5,,,Standard,22,$13968.27,$2084917.26
Commercial,Susi Sleaford,Cogilith,ssleaford8s@amazon.co.jp,933-655-2175,179,68,7,65,6,,,Standard,15,$10529.91,$695894.32
Commercial,Aarika Grocock,Centizu,agrocock8x@ycombinator.com,125-946-4120,59,3,3,461,11,,,Excelium,27,$14487.86,$410775.89
Commercial,Darrel Lease,Aimbu,dlease90@dropbox.com,461-483-4531,300,60,9,739,19,,,Premium,24,$15606.15,$1874015.80
Commercial,Vevay Moar,Wikibox,vmoar91@squidoo.com,823-868-2331,347,55,5,848,9,,,Premium,21,$8050.87,$2202625.98
Commercial,Modestia Whitland,Pixope,mwhitland92@com.com,756-964-0056,125,73,3,328,14,,,Premium,11,$12192.76,$283818.18
Commercial,Jodi Leathes,Bluejam,jleathes96@opera.com,276-200-8263,154,56,7,716,18,,,Premium,10,$10732.32,$2293385.22
Commercial,Verene Edmed,Jazzy,vedmed97@house.gov,727-166-8773,309,45,9,499,10,,,Excelium,5,$17612.42,$714862.26
Commercial,Pedro Feaster,Tekfly,pfeaster99@t-online.de,126-720-6905,64,86,3,377,20,,,Standard,1,$17951.06,$879558.25
Commercial,Brittan Mussared,Browsedrive,bmussared9a@squarespace.com,307-173-1607,315,95,2,517,9,,,Excelium,28,$9309.38,$1746768.18
Commercial,Wallis Grindell,Skaboo,wgrindell9h@ca.gov,594-173-4199,46,17,7,530,10,,,Standard,8,$9769.63,$1227342.29
Commercial,Harmony Oldroyd,Twitterbridge,holdroyd9j@hud.gov,550-254-5843,107,68,5,59,15,,,Excelium,7,$15958.86,$1582824.46
Commercial,Damita Hellyer,Buzzster,dhellyer9m@de.vu,382-862-8591,323,52,4,229,7,,,Premium,22,$14930.77,$1777077.78
Commercial,Bourke Size,Yodel,bsize9o@yellowbook.com,111-548-1674,184,15,2,745,14,,,Premium,30,$12213.79,$180408.43
Commercial,Jackson Roll,Oyoloo,jroll9s@va.gov,199-510-2537,151,69,1,74,15,,,Standard,21,$10074.96,$760225.80
Commercial,Farlay Eburah,Divanoodle,feburah9w@apple.com,408-734-0603,132,66,1,497,20,,,Premium,12,$14293.40,$851479.76
Commercial,Davie Holligan,Thoughtstorm,dholligan9x@elegantthemes.com,498-578-1017,87,42,7,760,12,,,Standard,26,$8583.24,$900798.73
Commercial,Jase Pardal,Quire,jpardala2@ow.ly,430-132-7564,125,42,1,239,7,,,Standard,22,$17173.60,$1905682.17
Commercial,Dalila Bratch,Mynte,dbratcha3@cam.ac.uk,401-831-5973,43,4,4,597,12,,,Excelium,22,$11088.29,$1614181.43
Commercial,Terry Jaqueminet,Zoonoodle,tjaquemineta5@tamu.edu,392-860-6007,322,29,8,546,6,,,Premium,26,$9349.15,$300209.68
Commercial,Tito Lambert-Ciorwyn,Tazzy,tlambertciorwyna6@taobao.com,988-494-7635,212,10,8,778,15,,,Excelium,1,$13144.98,$250396.40
Commercial,Nikola Fludder,Skippad,nfluddera7@ocn.ne.jp,819-311-2743,196,40,10,52,7,,,Excelium,28,$15926.12,$731010.72
Commercial,Vladamir Brackenbury,Chatterpoint,vbrackenburyac@chronoengine.com,679-416-6660,139,78,5,251,8,,,Premium,2,$9413.01,$853755.77
Commercial,Joleen Sargood,Demivee,jsargoodae@tmall.com,410-544-9073,267,79,5,35,8,,,Excelium,7,$8416.60,$45736.48
Commercial,Joana Giorgiutti,Ozu,jgiorgiuttiag@yahoo.com,743-598-4925,390,39,9,679,10,,,Premium,5,$16046.84,$596518.13
Commercial,Pail Spratling,Dabshots,pspratlingak@example.com,541-320-7888,364,20,7,447,8,,,Excelium,24,$14135.51,$451435.18
Commercial,Bren Rapinett,Wikido,brapinettam@seesaa.net,387-161-0895,91,21,9,134,5,,,Standard,28,$14796.05,$437781.14
Commercial,Ainsley Cowley,Avavee,acowleyar@sciencedirect.com,937-478-3402,377,85,1,245,6,,,Standard,28,$11797.56,$607008.60
Commercial,Bernita Garrud,Yodoo,bgarrudas@arstechnica.com,981-916-1328,84,27,6,404,16,,,Standard,19,$17566.21,$287047.68
Commercial,Loralie Hofner,Tanoodle,lhofnerat@macromedia.com,852-581-7967,206,35,6,162,9,,,Excelium,30,$9015.73,$708512.20
Commercial,Biron Tillyer,Buzzbean,btillyerav@zdnet.com,685-579-6732,318,14,7,622,11,,,Excelium,13,$7577.89,$1668811.92
Commercial,Isac Easbie,Eadel,ieasbieay@seattletimes.com,372-622-8928,74,72,1,12,13,,,Standard,17,$14113.18,$1350018.33
Commercial,Dedie Bassom,Meejo,dbassomb3@g.co,302-784-6320,250,34,4,807,11,,,Premium,10,$11696.08,$986198.73
Commercial,Rebbecca Slegg,Bubbletube,rsleggb6@people.com.cn,285-645-5389,192,22,9,104,8,,,Excelium,22,$16888.64,$871548.58
Commercial,Dulsea Collabine,Katz,dcollabineb9@creativecommons.org,276-905-8604,298,99,6,693,8,,,Premium,29,$13566.06,$2086397.25
Commercial,Sandye Spencelayh,Zoomcast,sspencelayhbg@ucla.edu,248-513-5158,148,20,6,420,6,,,Premium,14,$17354.15,$1094160.85
Commercial,Garrek Myott,Browsezoom,gmyottbj@nytimes.com,187-228-2696,259,79,5,895,20,,,Premium,25,$17152.67,$582305.22
Commercial,Wynn Steggals,Chatterpoint,wsteggalsbl@dion.ne.jp,202-265-8828,164,9,6,956,8,,,Premium,5,$10496.72,$864401.47
Commercial,Eleni Guyonnet,Buzzshare,eguyonnetbo@reddit.com,194-218-7810,118,22,8,393,13,,,Premium,30,$17072.88,$1700680.80
Commercial,Anselm Featherstone,Tanoodle,afeatherstonebs@europa.eu,511-139-5192,152,60,7,607,11,,,Premium,19,$11588.79,$555655.35
Commercial,Mikaela Rudman,Trilia,mrudmanbw@booking.com,723-348-6078,79,92,2,235,9,,,Standard,22,$11681.34,$2284002.43
Commercial,Puff Freschini,Brightdog,pfreschinic2@furl.net,852-272-2318,122,59,4,107,18,,,Excelium,30,$10909.25,$1007887.26
Commercial,Rozalin MacAulay,Devbug,rmacaulayc8@cbc.ca,121-210-3625,360,43,2,53,8,,,Excelium,22,$13053.84,$2249466.32
Commercial,Glenden Philpotts,Jabberbean,gphilpottscj@behance.net,875-545-9974,163,94,8,279,15,,,Excelium,22,$14836.51,$1390266.32
Commercial,Alley Playfair,Yakidoo,aplayfaircl@blogspot.com,685-497-0158,109,55,6,630,12,,,Excelium,27,$13234.43,$816052.91
Commercial,Constantino Leades,Voomm,cleadescw@china.com.cn,186-857-1773,394,10,1,776,5,,,Excelium,19,$7229.87,$1667424.30
Commercial,Othella Egglestone,Demimbu,oegglestonecz@icio.us,493-514-1689,336,3,1,197,20,,,Excelium,17,$7163.13,$1168015.36
Commercial,Millie Ridgway,Zoovu,mridgwayd1@amazon.de,740-786-5367,252,14,8,767,15,,,Excelium,2,$13546.64,$1658303.09
Commercial,Constancia Balden,Shufflester,cbaldend2@google.ca,530-689-0816,60,3,10,82,18,,,Excelium,23,$11720.67,$26002.03
Commercial,Lee Sanger,Mybuzz,lsangerd4@kickstarter.com,184-519-9304,366,95,3,468,19,,,Premium,8,$16353.31,$2204571.29
Commercial,Estell Rathbourne,Tambee,erathbourned6@blogtalkradio.com,335-665-2911,185,54,7,131,13,,,Standard,29,$9894.66,$41109.86
Commercial,Svend Punton,Tagcat,spuntond8@nationalgeographic.com,212-771-3518,185,39,2,808,8,,,Excelium,16,$7277.95,$396244.47
Commercial,Noami Goforth,Voonix,ngoforthdb@acquirethisname.com,739-330-9592,58,46,3,986,6,,,Excelium,27,$17712.55,$2192165.88
Commercial,Rochester Tiesman,Minyx,rtiesmande@google.fr,715-646-8182,378,91,2,313,6,,,Excelium,26,$9126.56,$2040674.45
Commercial,Klarika Tuny,Quire,ktunydi@ftc.gov,248-536-0681,267,64,4,305,5,,,Excelium,14,$7196.77,$717166.29
Commercial,Dick Neilson,Jatri,dneilsondm@about.me,339-564-5747,194,33,3,907,18,,,Standard,3,$12878.24,$396991.24
Commercial,Charmane Windle,Skalith,cwindledp@hhs.gov,924-477-1461,248,68,10,473,7,,,Excelium,20,$15886.19,$2081068.23
Commercial,Massimo Niece,Zoonder,mniecedq@amazon.de,526-700-8754,234,4,3,634,5,,,Premium,30,$7904.02,$2257209.14
Commercial,Kym Goslin,Chatterbridge,kgoslindu@wisc.edu,226-797-0334,164,6,10,195,15,,,Excelium,12,$7105.59,$378929.54
Commercial,Brien Poulson,Yakijo,bpoulsondw@wordpress.org,582-285-3159,103,72,10,746,11,,,Excelium,5,$17429.10,$1293977.31
Commercial,Valera Absolon,Eadel,vabsolondz@fastcompany.com,834-409-2471,376,30,2,810,13,,,Standard,21,$16129.03,$813359.75
Commercial,Hatty Batterson,Thoughtbeat,hbattersone9@reference.com,140-959-3069,67,46,1,607,7,,,Standard,29,$16600.94,$470571.48
Commercial,Marcella Forseith,Gabtune,mforseitheh@google.it,963-932-8789,103,44,3,555,10,,,Excelium,20,$10389.63,$1464350.28
Commercial,Quint Affuso,Kayveo,qaffusoem@wiley.com,828-774-1405,298,44,4,754,16,,,Premium,4,$15357.52,$1985107.09
Commercial,Hogan Ivasyushkin,Pixoboo,hivasyushkinen@macromedia.com,889-964-2379,197,32,6,490,12,,,Premium,29,$8838.70,$77449.42
Commercial,Grover Slopier,Buzzdog,gslopierf1@eepurl.com,713-790-0836,94,97,10,774,16,,,Standard,26,$11051.22,$212083.87
Commercial,Gaultiero Carah,Skyba,gcarahf4@cocolog-nifty.com,675-232-0622,113,45,1,390,15,,,Excelium,13,$8208.75,$1545482.39
Commercial,Jojo Philipart,Blogpad,jphilipartfc@trellian.com,266-980-8029,267,85,6,599,10,,,Premium,4,$7744.93,$480124.65
Commercial,Trey Rajchert,Devify,trajchertfn@uol.com.br,321-616-4905,173,22,5,814,19,,,Excelium,21,$15145.24,$1409362.21
Commercial,Gillan Imrie,Livetube,gimriefr@jigsy.com,993-848-8769,68,70,10,958,20,,,Excelium,30,$16397.68,$788255.52
Commercial,Jamesy McCowan,Demizz,jmccowanfw@geocities.jp,623-642-1796,221,61,10,723,20,,,Premium,6,$7229.98,$1016268.80
Commercial,Keen Abramzon,Thoughtblab,kabramzonfy@vimeo.com,805-926-8706,379,93,7,154,5,,,Standard,12,$13701.83,$1558837.02
Commercial,Kienan Kurth,Quire,kkurthg3@huffingtonpost.com,515-656-0879,117,75,2,660,12,,,Premium,20,$12788.59,$2059968.99
Commercial,Allix Jest,Dabfeed,ajestg7@wordpress.com,282-125-7332,256,95,4,576,19,,,Premium,3,$14482.14,$2035883.93
Commercial,Glenden Vedenichev,Tekfly,gvedenichevg9@google.ru,552-440-4964,319,16,4,325,14,,,Standard,13,$17776.67,$87139.81
Commercial,Louie Haly,Jabberstorm,lhalygj@yelp.com,326-166-2138,334,86,3,300,10,,,Excelium,24,$7621.43,$2279546.30
Commercial,Mureil Molian,Pixoboo,mmoliangk@privacy.gov.au,463-275-4515,112,80,5,165,10,,,Premium,10,$15952.56,$1046690.76
Commercial,Merl Prudham,Kamba,mprudhamgp@networkadvertising.org,310-809-2994,312,92,8,669,17,,,Standard,23,$15085.54,$1068139.27
Commercial,Trey Schach,Brightdog,tschachgu@opera.com,977-998-4584,201,96,6,218,14,,,Premium,22,$13676.59,$1841470.96
Commercial,Michael Tearny,Photofeed,mtearnygw@dropbox.com,104-777-9802,200,14,7,394,15,,,Standard,13,$13033.43,$1181632.25
Commercial,Ugo Carillo,Quatz,ucarilloh3@arstechnica.com,103-515-6931,367,90,8,703,10,,,Premium,18,$12116.38,$48253.25
Commercial,Vasili Kimbury,Avamm,vkimburyh6@weather.com,330-153-3851,338,59,6,211,8,,,Premium,6,$14448.16,$1412884.62
Commercial,John Rayment,Voolia,jraymenthd@nymag.com,516-688-2654,379,79,2,33,5,,,Excelium,8,$16145.07,$430424.13
Commercial,Elsinore Webbe,Tagopia,ewebbehe@t-online.de,289-839-9483,98,71,1,194,9,,,Excelium,9,$14622.43,$1661627.26
Commercial,Gilburt Marden,Yata,gmardenhk@constantcontact.com,248-217-0704,344,74,4,57,19,,,Standard,18,$13884.96,$2032471.22
Commercial,Nadeen Lenox,Vimbo,nlenoxhn@smugmug.com,186-350-1208,167,94,5,587,8,,,Standard,13,$8677.41,$1120526.70
Commercial,Gradeigh Ferebee,Twitterbridge,gferebeehq@jiathis.com,198-487-4556,185,62,7,320,16,,,Standard,23,$14999.39,$411726.28
Commercial,Ludvig MacAlister,Jaxworks,lmacalisterhs@cbslocal.com,309-872-3472,148,18,4,333,17,,,Premium,23,$10816.14,$1268185.01
Commercial,Karrah Benedit,Jaloo,kbenedithw@phpbb.com,917-556-3783,376,92,9,827,16,,,Excelium,5,$8104.94,$1824484.13
Commercial,Amery Caustic,Yakijo,acaustichx@artisteer.com,547-405-1452,209,95,6,483,9,,,Standard,21,$12176.36,$703789.60
Commercial,Laurette Baxter,Kare,lbaxteri1@homestead.com,876-400-1111,258,17,2,98,7,,,Premium,9,$17208.83,$509981.84
Commercial,Wallas Raubheim,Thoughtmix,wraubheimi2@tumblr.com,711-465-9657,396,83,5,295,18,,,Standard,24,$16325.19,$661738.52
Commercial,Marietta Blount,Skippad,mblounti8@phpbb.com,328-653-3377,280,88,4,771,7,,,Standard,14,$9616.22,$712538.91
Commercial,Catriona Marran,Wikibox,cmarrania@illinois.edu,111-343-1694,281,3,6,882,9,,,Excelium,25,$13097.55,$2063405.00
Commercial,Riordan Nowlan,Dabjam,rnowlanid@hugedomains.com,252-162-7003,397,19,3,209,14,,,Excelium,17,$7863.02,$1860990.24
Commercial,Ellie Leuchars,Ailane,eleucharsii@amazon.co.uk,539-286-7128,90,34,6,560,13,,,Standard,21,$13917.09,$465020.78
Commercial,Chevy Reddan,Gabtype,creddanin@abc.net.au,876-447-5170,229,57,10,203,14,,,Excelium,17,$16459.97,$1760464.65
Commercial,Elisha Serle,Twitternation,eserleio@last.fm,493-823-5006,187,45,10,140,7,,,Excelium,17,$12564.36,$1714638.28
Commercial,Berkeley Devenport,Ozu,bdevenportit@etsy.com,929-502-4873,154,51,7,308,6,,,Excelium,15,$10023.47,$458669.23
Commercial,Audrey Lias,Roomm,aliasiv@miitbeian.gov.cn,454-447-2786,106,87,7,471,11,,,Excelium,20,$16789.91,$250377.24
Commercial,Brewster Scragg,Gabspot,bscraggiy@abc.net.au,309-460-9109,221,84,2,69,20,,,Standard,10,$13891.58,$1504350.34
Commercial,Shurlock Rettie,Katz,srettieiz@google.com,327-445-0530,51,70,2,529,8,,,Standard,7,$14041.28,$91869.87
Commercial,Reider Katzmann,Fivespan,rkatzmannj0@shop-pro.jp,460-926-9421,188,39,2,918,15,,,Premium,9,$7524.73,$1187843.32
Commercial,Patric Dullard,Miboo,pdullardj1@rediff.com,398-469-6007,77,53,7,627,12,,,Excelium,19,$16945.56,$2043056.35
Commercial,Louella Maris,Yambee,lmarisj3@chicagotribune.com,607-236-1525,390,86,9,790,17,,,Premium,3,$13188.18,$600423.85
Commercial,Gwynne Wimmer,Dazzlesphere,gwimmerj7@goodreads.com,879-863-6478,170,7,2,304,14,,,Premium,2,$16357.85,$626253.69
Commercial,Barny Tooze,Kwimbee,btoozej9@spotify.com,725-960-5695,296,23,2,939,5,,,Standard,6,$11261.00,$955178.22
Commercial,Karalynn Devonport,Aivee,kdevonportjb@nifty.com,836-277-8408,295,52,9,484,10,,,Excelium,6,$16769.75,$286158.09
Commercial,Kirk Clowton,Avamba,kclowtonjj@stanford.edu,452-984-5795,269,66,2,357,15,,,Standard,1,$17429.54,$181656.72
Commercial,Sven Kears,Kazu,skearsjn@linkedin.com,772-949-8329,377,63,6,263,18,,,Standard,9,$13566.89,$467404.98
Commercial,Dell Peregrine,Zoomcast,dperegrinejp@slideshare.net,901-907-5359,222,74,5,537,8,,,Excelium,12,$15793.21,$2170806.68
Commercial,Wade McElvogue,Skippad,wmcelvoguejq@furl.net,737-940-5450,198,25,4,611,16,,,Premium,14,$12389.99,$321751.39
Commercial,Tiffani Dinsey,Topicware,tdinseyjs@guardian.co.uk,809-954-7529,360,88,6,994,14,,,Excelium,4,$10151.39,$2025389.57
Commercial,Jordain Guinane,Quimm,jguinanejw@ft.com,532-368-7762,267,24,1,33,12,,,Standard,2,$15878.67,$1396429.60
Commercial,Janeczka Pierson,Tazz,jpiersonjy@rambler.ru,999-626-8313,398,90,4,339,19,,,Excelium,16,$8269.94,$189145.23
Commercial,Modesty Cusack,Jayo,mcusackk2@soundcloud.com,762-287-3139,34,32,1,862,10,,,Premium,6,$15607.62,$1215885.31
Commercial,Palmer Brun,Skiptube,pbrunk3@youtu.be,304-141-0115,221,8,7,68,7,,,Premium,8,$14537.61,$2123134.26
Commercial,Glen MacNeill,Rhyzio,gmacneillk7@mysql.com,452-567-2833,205,19,2,960,19,,,Excelium,15,$7014.00,$505991.20
Commercial,Michail Keeling,Agivu,mkeelingka@indiegogo.com,352-810-7824,56,83,2,443,18,,,Standard,18,$16338.85,$2026692.16
Commercial,Shepperd Gounin,Yata,sgouninke@home.pl,798-551-2679,315,22,2,880,12,,,Premium,19,$16754.34,$1143059.75
Commercial,Wash Eastes,Snaptags,weasteski@ehow.com,847-877-6026,333,63,3,306,14,,,Premium,30,$16274.45,$2138384.15
Commercial,Morganica Gulliver,BlogXS,mgulliverkm@163.com,197-469-6218,185,52,2,283,6,,,Premium,17,$15480.83,$1216718.91
Commercial,Blancha Maffucci,Yamia,bmaffuccikq@usda.gov,876-761-2741,334,27,4,248,17,,,Premium,18,$14510.38,$949622.08
Commercial,Wally Ellesworthe,Flashpoint,wellesworthekt@goo.ne.jp,454-427-3511,257,54,9,800,11,,,Premium,30,$15049.06,$210953.33
Commercial,Florentia Zealy,Jabbersphere,fzealyl0@about.me,579-770-7264,158,100,7,512,18,,,Premium,28,$13242.88,$1929343.39
Commercial,Biron Marklund,Bubblemix,bmarklundl3@about.com,494-851-3045,147,40,4,458,11,,,Premium,7,$9897.64,$1742666.03
Commercial,Francesca Scardifeild,Divavu,fscardifeildl4@arstechnica.com,280-181-7324,272,45,3,415,18,,,Standard,19,$17245.74,$177862.34
Commercial,Megan Faircley,Blogspan,mfaircleyl5@mozilla.com,877-908-9205,72,78,9,374,10,,,Standard,28,$15476.94,$847891.72
Commercial,Libbie Coule,Flashdog,lcoulel9@ted.com,443-149-1064,324,28,8,899,18,,,Standard,21,$16058.39,$152915.72
Commercial,Alastair Fairpool,Photospace,afairpoolla@devhub.com,113-974-5846,304,46,2,87,18,,,Excelium,25,$8519.80,$1565336.65
Commercial,Lauralee Hundley,Photobug,lhundleylb@wix.com,362-973-7524,60,39,3,57,20,,,Standard,5,$12267.50,$1005897.19
Commercial,Susi Seviour,Gigabox,sseviourlc@yolasite.com,124-937-7085,297,41,5,672,14,,,Standard,1,$11763.82,$1890988.83
Commercial,Ivan Luckham,Abatz,iluckhamli@businessinsider.com,240-784-8043,219,9,4,893,14,,,Standard,27,$12145.54,$645925.34
Commercial,Loralee Boanas,Realfire,lboanaslj@comsenz.com,106-535-9472,200,49,1,445,16,,,Excelium,9,$15553.67,$846509.40
Commercial,Hammad Kirimaa,Twinte,hkirimaall@scientificamerican.com,597-460-3022,267,52,3,965,13,,,Standard,7,$10462.74,$796772.72
Commercial,Kandace Trotton,Oyondu,ktrottonlq@ycombinator.com,634-501-8910,309,36,6,84,14,,,Standard,19,$8653.01,$1657383.51
Commercial,Rowland Iorizzo,Realbridge,riorizzolr@amazon.de,193-436-9796,38,15,9,625,6,,,Premium,27,$9529.84,$1020946.94
Commercial,Isabelita Rivalant,Wikizz,irivalantlu@linkedin.com,227-425-7598,357,24,9,509,20,,,Premium,6,$16597.96,$1051340.92
Commercial,Henka Tupling,Blogtags,htuplingly@ehow.com,190-643-9368,309,90,4,918,9,,,Premium,11,$10788.16,$1504064.79
Commercial,Pammy Fouldes,Leexo,pfouldeslz@soundcloud.com,489-446-4609,43,62,9,770,19,,,Premium,17,$14260.22,$710686.33
